Workbook

Sheet Calculator
B2: AERO RESPONSE-SURFACE CALCULATOR
B3: Enter any combination of inputs in the yellow cells. Predicted outputs update automatically using the LINEST quadratic fits.
B5: INPUTS
B6: Variable | C6: Value | D6: Valid Range
B7: Front Track [in] | C7: 8 | D7: 7.4 – 8.6
B8: Rear Track [in] | C8: 8 | D8: 7.4 – 8.6
B9: Yaw Angle [deg] | C9: 0 | D9: 0 – 8
B10: Roll Angle [deg] | C10: 0 | D10: 0 – 1.0
B11: Steer Angle [deg] | C11: 0 | D11: 0 – 25.99
B14: PREDICTED OUTPUTS
B15: Output | C15: Predicted Value | D15: Notes
B16: COP Sprung [% Front] | C16: ='LINEST VARS'!$U$48+'LINEST VARS'!$T$48*($C$7)+'LINEST VARS'!$S$48*($C$8)+'LINEST VARS'!$R$48*($C$9)+'LINEST VARS'!$Q$48*($C$10)+'LINEST VARS'!$P$48*($C$11)+'LINEST VARS'!$O$48*($C$7^2)+'LINEST VARS'!$N$48*($C$8^2)+'LINEST VARS'!$M$48*($C$9^2)+'LINEST VARS'!$L$48*($C$10^2)+'LINEST VARS'!$K$48*($C$11^2)+'LINEST VARS'!$J$48*($C$7*$C$8)+'LINEST VARS'!$I$48*($C$7*$C$9)+'LINEST VARS'!$H$48*($C$7*$C$10)+'LINEST VARS'!$G$48*($C$7*$C$11)+'LINEST VARS'!$F$48*($C$8*$C$9)+'LINEST VARS'!$E$48*($C$8*$C$10)+'LINEST VARS'!$D$48*($C$8*$C$11)+'LINEST VARS'!$C$48*($C$9*$C$10)+'LINEST VARS'!$B$48*($C$9*$C$11)+'LINEST VARS'!$A$48*($C$10*$C$11) -> 370 | D16: from LINEST row 48
B17: COP Unsprung [% Front] | C17: ='LINEST VARS'!$U$50+'LINEST VARS'!$T$50*($C$7)+'LINEST VARS'!$S$50*($C$8)+'LINEST VARS'!$R$50*($C$9)+'LINEST VARS'!$Q$50*($C$10)+'LINEST VARS'!$P$50*($C$11)+'LINEST VARS'!$O$50*($C$7^2)+'LINEST VARS'!$N$50*($C$8^2)+'LINEST VARS'!$M$50*($C$9^2)+'LINEST VARS'!$L$50*($C$10^2)+'LINEST VARS'!$K$50*($C$11^2)+'LINEST VARS'!$J$50*($C$7*$C$8)+'LINEST VARS'!$I$50*($C$7*$C$9)+'LINEST VARS'!$H$50*($C$7*$C$10)+'LINEST VARS'!$G$50*($C$7*$C$11)+'LINEST VARS'!$F$50*($C$8*$C$9)+'LINEST VARS'!$E$50*($C$8*$C$10)+'LINEST VARS'!$D$50*($C$8*$C$11)+'LINEST VARS'!$C$50*($C$9*$C$10)+'LINEST VARS'!$B$50*($C$9*$C$11)+'LINEST VARS'!$A$50*($C$10*$C$11) -> 332 | D17: from LINEST row 50
B18: COP Sprung Height [in] | C18: ='LINEST VARS'!$U$52+'LINEST VARS'!$T$52*($C$7)+'LINEST VARS'!$S$52*($C$8)+'LINEST VARS'!$R$52*($C$9)+'LINEST VARS'!$Q$52*($C$10)+'LINEST VARS'!$P$52*($C$11)+'LINEST VARS'!$O$52*($C$7^2)+'LINEST VARS'!$N$52*($C$8^2)+'LINEST VARS'!$M$52*($C$9^2)+'LINEST VARS'!$L$52*($C$10^2)+'LINEST VARS'!$K$52*($C$11^2)+'LINEST VARS'!$J$52*($C$7*$C$8)+'LINEST VARS'!$I$52*($C$7*$C$9)+'LINEST VARS'!$H$52*($C$7*$C$10)+'LINEST VARS'!$G$52*($C$7*$C$11)+'LINEST VARS'!$F$52*($C$8*$C$9)+'LINEST VARS'!$E$52*($C$8*$C$10)+'LINEST VARS'!$D$52*($C$8*$C$11)+'LINEST VARS'!$C$52*($C$9*$C$10)+'LINEST VARS'!$B$52*($C$9*$C$11)+'LINEST VARS'!$A$52*($C$10*$C$11) -> 4.5 | D18: from LINEST row 52
B19: COP Unsprung Height [in] | C19: ='LINEST VARS'!$U$54+'LINEST VARS'!$T$54*($C$7)+'LINEST VARS'!$S$54*($C$8)+'LINEST VARS'!$R$54*($C$9)+'LINEST VARS'!$Q$54*($C$10)+'LINEST VARS'!$P$54*($C$11)+'LINEST VARS'!$O$54*($C$7^2)+'LINEST VARS'!$N$54*($C$8^2)+'LINEST VARS'!$M$54*($C$9^2)+'LINEST VARS'!$L$54*($C$10^2)+'LINEST VARS'!$K$54*($C$11^2)+'LINEST VARS'!$J$54*($C$7*$C$8)+'LINEST VARS'!$I$54*($C$7*$C$9)+'LINEST VARS'!$H$54*($C$7*$C$10)+'LINEST VARS'!$G$54*($C$7*$C$11)+'LINEST VARS'!$F$54*($C$8*$C$9)+'LINEST VARS'!$E$54*($C$8*$C$10)+'LINEST VARS'!$D$54*($C$8*$C$11)+'LINEST VARS'!$C$54*($C$9*$C$10)+'LINEST VARS'!$B$54*($C$9*$C$11)+'LINEST VARS'!$A$54*($C$10*$C$11) -> 4 | D19: from LINEST row 54
B20: SCz | C20: ='LINEST VARS'!$U$56+'LINEST VARS'!$T$56*($C$7)+'LINEST VARS'!$S$56*($C$8)+'LINEST VARS'!$R$56*($C$9)+'LINEST VARS'!$Q$56*($C$10)+'LINEST VARS'!$P$56*($C$11)+'LINEST VARS'!$O$56*($C$7^2)+'LINEST VARS'!$N$56*($C$8^2)+'LINEST VARS'!$M$56*($C$9^2)+'LINEST VARS'!$L$56*($C$10^2)+'LINEST VARS'!$K$56*($C$11^2)+'LINEST VARS'!$J$56*($C$7*$C$8)+'LINEST VARS'!$I$56*($C$7*$C$9)+'LINEST VARS'!$H$56*($C$7*$C$10)+'LINEST VARS'!$G$56*($C$7*$C$11)+'LINEST VARS'!$F$56*($C$8*$C$9)+'LINEST VARS'!$E$56*($C$8*$C$10)+'LINEST VARS'!$D$56*($C$8*$C$11)+'LINEST VARS'!$C$56*($C$9*$C$10)+'LINEST VARS'!$B$56*($C$9*$C$11)+'LINEST VARS'!$A$56*($C$10*$C$11) -> 2.8 | D20: from LINEST row 56
B21: SCx | C21: ='LINEST VARS'!$U$58+'LINEST VARS'!$T$58*($C$7)+'LINEST VARS'!$S$58*($C$8)+'LINEST VARS'!$R$58*($C$9)+'LINEST VARS'!$Q$58*($C$10)+'LINEST VARS'!$P$58*($C$11)+'LINEST VARS'!$O$58*($C$7^2)+'LINEST VARS'!$N$58*($C$8^2)+'LINEST VARS'!$M$58*($C$9^2)+'LINEST VARS'!$L$58*($C$10^2)+'LINEST VARS'!$K$58*($C$11^2)+'LINEST VARS'!$J$58*($C$7*$C$8)+'LINEST VARS'!$I$58*($C$7*$C$9)+'LINEST VARS'!$H$58*($C$7*$C$10)+'LINEST VARS'!$G$58*($C$7*$C$11)+'LINEST VARS'!$F$58*($C$8*$C$9)+'LINEST VARS'!$E$58*($C$8*$C$10)+'LINEST VARS'!$D$58*($C$8*$C$11)+'LINEST VARS'!$C$58*($C$9*$C$10)+'LINEST VARS'!$B$58*($C$9*$C$11)+'LINEST VARS'!$A$58*($C$10*$C$11) -> 0.8 | D21: from LINEST row 58
B22: Total Wheel Lift [lbf] | C22: ='LINEST VARS'!$U$72+'LINEST VARS'!$T$72*($C$7)+'LINEST VARS'!$S$72*($C$8)+'LINEST VARS'!$R$72*($C$9)+'LINEST VARS'!$Q$72*($C$10)+'LINEST VARS'!$P$72*($C$11)+'LINEST VARS'!$O$72*($C$7^2)+'LINEST VARS'!$N$72*($C$8^2)+'LINEST VARS'!$M$72*($C$9^2)+'LINEST VARS'!$L$72*($C$10^2)+'LINEST VARS'!$K$72*($C$11^2)+'LINEST VARS'!$J$72*($C$7*$C$8)+'LINEST VARS'!$I$72*($C$7*$C$9)+'LINEST VARS'!$H$72*($C$7*$C$10)+'LINEST VARS'!$G$72*($C$7*$C$11)+'LINEST VARS'!$F$72*($C$8*$C$9)+'LINEST VARS'!$E$72*($C$8*$C$10)+'LINEST VARS'!$D$72*($C$8*$C$11)+'LINEST VARS'!$C$72*($C$9*$C$10)+'LINEST VARS'!$B$72*($C$9*$C$11)+'LINEST VARS'!$A$72*($C$10*$C$11) -> 50 | D22: no LINEST row for this output
B23: Total Wheel Drag [lbf] | C23: ='LINEST VARS'!$U$60+'LINEST VARS'!$T$60*($C$7)+'LINEST VARS'!$S$60*($C$8)+'LINEST VARS'!$R$60*($C$9)+'LINEST VARS'!$Q$60*($C$10)+'LINEST VARS'!$P$60*($C$11)+'LINEST VARS'!$O$60*($C$7^2)+'LINEST VARS'!$N$60*($C$8^2)+'LINEST VARS'!$M$60*($C$9^2)+'LINEST VARS'!$L$60*($C$10^2)+'LINEST VARS'!$K$60*($C$11^2)+'LINEST VARS'!$J$60*($C$7*$C$8)+'LINEST VARS'!$I$60*($C$7*$C$9)+'LINEST VARS'!$H$60*($C$7*$C$10)+'LINEST VARS'!$G$60*($C$7*$C$11)+'LINEST VARS'!$F$60*($C$8*$C$9)+'LINEST VARS'!$E$60*($C$8*$C$10)+'LINEST VARS'!$D$60*($C$8*$C$11)+'LINEST VARS'!$C$60*($C$9*$C$10)+'LINEST VARS'!$B$60*($C$9*$C$11)+'LINEST VARS'!$A$60*($C$10*$C$11) -> 15 | D23: from LINEST row 60
B24: Total DF [lbf] | C24: ='LINEST VARS'!$U$62+'LINEST VARS'!$T$62*($C$7)+'LINEST VARS'!$S$62*($C$8)+'LINEST VARS'!$R$62*($C$9)+'LINEST VARS'!$Q$62*($C$10)+'LINEST VARS'!$P$62*($C$11)+'LINEST VARS'!$O$62*($C$7^2)+'LINEST VARS'!$N$62*($C$8^2)+'LINEST VARS'!$M$62*($C$9^2)+'LINEST VARS'!$L$62*($C$10^2)+'LINEST VARS'!$K$62*($C$11^2)+'LINEST VARS'!$J$62*($C$7*$C$8)+'LINEST VARS'!$I$62*($C$7*$C$9)+'LINEST VARS'!$H$62*($C$7*$C$10)+'LINEST VARS'!$G$62*($C$7*$C$11)+'LINEST VARS'!$F$62*($C$8*$C$9)+'LINEST VARS'!$E$62*($C$8*$C$10)+'LINEST VARS'!$D$62*($C$8*$C$11)+'LINEST VARS'!$C$62*($C$9*$C$10)+'LINEST VARS'!$B$62*($C$9*$C$11)+'LINEST VARS'!$A$62*($C$10*$C$11) -> 350 | D24: from LINEST row 62
B25: Total Drag [lbf] | C25: ='LINEST VARS'!$U$64+'LINEST VARS'!$T$64*($C$7)+'LINEST VARS'!$S$64*($C$8)+'LINEST VARS'!$R$64*($C$9)+'LINEST VARS'!$Q$64*($C$10)+'LINEST VARS'!$P$64*($C$11)+'LINEST VARS'!$O$64*($C$7^2)+'LINEST VARS'!$N$64*($C$8^2)+'LINEST VARS'!$M$64*($C$9^2)+'LINEST VARS'!$L$64*($C$10^2)+'LINEST VARS'!$K$64*($C$11^2)+'LINEST VARS'!$J$64*($C$7*$C$8)+'LINEST VARS'!$I$64*($C$7*$C$9)+'LINEST VARS'!$H$64*($C$7*$C$10)+'LINEST VARS'!$G$64*($C$7*$C$11)+'LINEST VARS'!$F$64*($C$8*$C$9)+'LINEST VARS'!$E$64*($C$8*$C$10)+'LINEST VARS'!$D$64*($C$8*$C$11)+'LINEST VARS'!$C$64*($C$9*$C$10)+'LINEST VARS'!$B$64*($C$9*$C$11)+'LINEST VARS'!$A$64*($C$10*$C$11) -> 110 | D25: from LINEST row 64
B26: Front Wing DF [lbf] | C26: ='LINEST VARS'!$U$66+'LINEST VARS'!$T$66*($C$7)+'LINEST VARS'!$S$66*($C$8)+'LINEST VARS'!$R$66*($C$9)+'LINEST VARS'!$Q$66*($C$10)+'LINEST VARS'!$P$66*($C$11)+'LINEST VARS'!$O$66*($C$7^2)+'LINEST VARS'!$N$66*($C$8^2)+'LINEST VARS'!$M$66*($C$9^2)+'LINEST VARS'!$L$66*($C$10^2)+'LINEST VARS'!$K$66*($C$11^2)+'LINEST VARS'!$J$66*($C$7*$C$8)+'LINEST VARS'!$I$66*($C$7*$C$9)+'LINEST VARS'!$H$66*($C$7*$C$10)+'LINEST VARS'!$G$66*($C$7*$C$11)+'LINEST VARS'!$F$66*($C$8*$C$9)+'LINEST VARS'!$E$66*($C$8*$C$10)+'LINEST VARS'!$D$66*($C$8*$C$11)+'LINEST VARS'!$C$66*($C$9*$C$10)+'LINEST VARS'!$B$66*($C$9*$C$11)+'LINEST VARS'!$A$66*($C$10*$C$11) -> 144 | D26: from LINEST row 66
B27: Undertray DF [lbf] | C27: ='LINEST VARS'!$U$68+'LINEST VARS'!$T$68*($C$7)+'LINEST VARS'!$S$68*($C$8)+'LINEST VARS'!$R$68*($C$9)+'LINEST VARS'!$Q$68*($C$10)+'LINEST VARS'!$P$68*($C$11)+'LINEST VARS'!$O$68*($C$7^2)+'LINEST VARS'!$N$68*($C$8^2)+'LINEST VARS'!$M$68*($C$9^2)+'LINEST VARS'!$L$68*($C$10^2)+'LINEST VARS'!$K$68*($C$11^2)+'LINEST VARS'!$J$68*($C$7*$C$8)+'LINEST VARS'!$I$68*($C$7*$C$9)+'LINEST VARS'!$H$68*($C$7*$C$10)+'LINEST VARS'!$G$68*($C$7*$C$11)+'LINEST VARS'!$F$68*($C$8*$C$9)+'LINEST VARS'!$E$68*($C$8*$C$10)+'LINEST VARS'!$D$68*($C$8*$C$11)+'LINEST VARS'!$C$68*($C$9*$C$10)+'LINEST VARS'!$B$68*($C$9*$C$11)+'LINEST VARS'!$A$68*($C$10*$C$11) -> 150 | D27: from LINEST row 68
B28: Rear Wing DF [lbf] | C28: ='LINEST VARS'!$U$70+'LINEST VARS'!$T$70*($C$7)+'LINEST VARS'!$S$70*($C$8)+'LINEST VARS'!$R$70*($C$9)+'LINEST VARS'!$Q$70*($C$10)+'LINEST VARS'!$P$70*($C$11)+'LINEST VARS'!$O$70*($C$7^2)+'LINEST VARS'!$N$70*($C$8^2)+'LINEST VARS'!$M$70*($C$9^2)+'LINEST VARS'!$L$70*($C$10^2)+'LINEST VARS'!$K$70*($C$11^2)+'LINEST VARS'!$J$70*($C$7*$C$8)+'LINEST VARS'!$I$70*($C$7*$C$9)+'LINEST VARS'!$H$70*($C$7*$C$10)+'LINEST VARS'!$G$70*($C$7*$C$11)+'LINEST VARS'!$F$70*($C$8*$C$9)+'LINEST VARS'!$E$70*($C$8*$C$10)+'LINEST VARS'!$D$70*($C$8*$C$11)+'LINEST VARS'!$C$70*($C$9*$C$10)+'LINEST VARS'!$B$70*($C$9*$C$11)+'LINEST VARS'!$A$70*($C$10*$C$11) -> 92 | D28: from LINEST row 70
B30: How it works: each predicted value = intercept + Σ(coefficientₖ × termₖ) using the 21-term quadratic fit on the LINEST VARS sheet.
B31: Variable convention: X1=Front Track, X2=Rear Track, X3=Yaw, X4=Roll, X5=Steer. Terms = 5 linear + 5 squared + 10 two-way interactions.
B32: Predictions are valid only INSIDE the ranges shown. Extrapolating beyond the CCD envelope will give unreliable numbers.
B33: Total Wheel Lift has no LINEST row in LINEST VARS — add a LINEST for CCD column N if you want it fitted, then point the calculator at it.

Sheet Graphs
B2: AERO RESPONSE-SURFACE HEATMAPS
B3: 21×21 grids per pairing, 12 outputs each (36 heatmaps total). Non-axis variables held at CCD center: FT=8.0, RT=8.0, Yaw=4.0, Roll=0.5, Steer=12.73. Colors are conditional formatting — green=low, yellow=mid, red=high (per grid).
B5: ━ Front Track × Rear Track (other vars at CCD center) ━ | AZ5: ━ Yaw × Roll (other vars at CCD center) ━ | CX5: ━ Yaw × Steer (other vars at CCD center) ━
B7: COP Sprung [% Front] (Front Track [in] vs Rear Track [in]) | Z7: COP Unsprung [% Front] (Front Track [in] vs Rear Track [in]) | AZ7: COP Sprung [% Front] (Yaw Angle [deg] vs Roll Angle [deg]) | BX7: COP Unsprung [% Front] (Yaw Angle [deg] vs Roll Angle [deg]) | CX7: COP Sprung [% Front] (Yaw Angle [deg] vs Steer Angle [deg]) | DV7: COP Unsprung [% Front] (Yaw Angle [deg] vs Steer Angle [deg])
B8: Rear Track [in] \ Front Track [in] | C8: 7.4 | D8: 7.46 | E8: 7.52 | F8: 7.58 | G8: 7.64 | H8: 7.7 | I8: 7.76 | J8: 7.82 | K8: 7.88 | L8: 7.94 | M8: 8 | N8: 8.06 | O8: 8.12 | P8: 8.18 | Q8: 8.24 | R8: 8.3 | S8: 8.36 | T8: 8.42 | U8: 8.48 | V8: 8.54 | W8: 8.6 | Z8: Rear Track [in] \ Front Track [in] | AA8: 7.4 | AB8: 7.46 | AC8: 7.52 | AD8: 7.58 | AE8: 7.64 | AF8: 7.7 | AG8: 7.76 | AH8: 7.82 | AI8: 7.88 | AJ8: 7.94 | AK8: 8 | AL8: 8.06 | AM8: 8.12 | AN8: 8.18 | AO8: 8.24 | AP8: 8.3 | AQ8: 8.36 | AR8: 8.42 | AS8: 8.48 | AT8: 8.54 | AU8: 8.6 | AZ8: Roll Angle [deg] \ Yaw Angle [deg] | BA8: 0 | BB8: 0.4 | BC8: 0.8 | BD8: 1.2 | BE8: 1.6 | BF8: 2 | BG8: 2.4 | BH8: 2.8 | BI8: 3.2 | BJ8: 3.6 | BK8: 4 | BL8: 4.4 | BM8: 4.8 | BN8: 5.2 | BO8: 5.6 | BP8: 6 | BQ8: 6.4 | BR8: 6.8 | BS8: 7.2 | BT8: 7.6 | BU8: 8 | BX8: Roll Angle [deg] \ Yaw Angle [deg] | BY8: 0 | BZ8: 0.4 | CA8: 0.8 | CB8: 1.2 | CC8: 1.6 | CD8: 2 | CE8: 2.4 | CF8: 2.8 | CG8: 3.2 | CH8: 3.6 | CI8: 4 | CJ8: 4.4 | CK8: 4.8 | CL8: 5.2 | CM8: 5.6 | CN8: 6 | CO8: 6.4 | CP8: 6.8 | CQ8: 7.2 | CR8: 7.6 | CS8: 8 | CX8: Steer Angle [deg] \ Yaw Angle [deg] | CY8: 0 | CZ8: 0.4 | DA8: 0.8 | DB8: 1.2 | DC8: 1.6 | DD8: 2 | DE8: 2.4 | DF8: 2.8 | DG8: 3.2 | DH8: 3.6 | DI8: 4 | DJ8: 4.4 | DK8: 4.8 | DL8: 5.2 | DM8: 5.6 | DN8: 6 | DO8: 6.4 | DP8: 6.8 | DQ8: 7.2 | DR8: 7.6 | DS8: 8 | DV8: Steer Angle [deg] \ Yaw Angle [deg] | DW8: 0 | DX8: 0.4 | DY8: 0.8 | DZ8: 1.2 | EA8: 1.6 | EB8: 2 | EC8: 2.4 | ED8: 2.8 | EE8: 3.2 | EF8: 3.6 | EG8: 4 | EH8: 4.4 | EI8: 4.8 | EJ8: 5.2 | EK8: 5.6 | EL8: 6 | EM8: 6.4 | EN8: 6.8 | EO8: 7.2 | EP8: 7.6 | EQ8: 8
B9: 7.4 | C9: ='LINEST VARS'!$U$48+'LINEST VARS'!$T$48*($C$8)+'LINEST VARS'!$S$48*($B9)+'LINEST VARS'!$R$48*(4)+'LINEST VARS'!$Q$48*(0.5)+'LINEST VARS'!$P$48*(12.73)+'LINEST VARS'!$O$48*($C$8^2)+'LINEST VARS'!$N$48*($B9^2)+'LINEST VARS'!$M$48*(4^2)+'LINEST VARS'!$L$48*(0.5^2)+'LINEST VARS'!$K$48*(12.73^2)+'LINEST VARS'!$J$48*($C$8*$B9)+'LINEST VARS'!$I$48*($C$8*4)+'LINEST VARS'!$H$48*($C$8*0.5)+'LINEST VARS'!$G$48*($C$8*12.73)+'LINEST VARS'!$F$48*($B9*4)+'LINEST VARS'!$E$48*($B9*0.5)+'LINEST VARS'!$D$48*($B9*12.73)+'LINEST VARS'!$C$48*(4*0.5)+'LINEST VARS'!$B$48*(4*12.73)+'LINEST VARS'!$A$48*(0.5*12.73) -> 320.8 | D9: ='LINEST VARS'!$U$48+'LINEST VARS'!$T$48*($D$8)+'LINEST VARS'!$S$48*($B9)+'LINEST VARS'!$R$48*(4)+'LINEST VARS'!$Q$48*(0.5)+'LINEST VARS'!$P$48*(12.73)+'LINEST VARS'!$O$48*($D$8^2)+'LINEST VARS'!$N$48*($B9^2)+'LINEST VARS'!$M$48*(4^2)+'LINEST VARS'!$L$48*(0.5^2)+'LINEST VARS'!$K$48*(12.73^2)+'LINEST VARS'!$J$48*($D$8*$B9)+'LINEST VARS'!$I$48*($D$8*4)+'LINEST VARS'!$H$48*($D$8*0.5)+'LINEST VARS'!$G$48*($D$8*12.73)+'LINEST VARS'!$F$48*($B9*4)+'LINEST VARS'!$E$48*($B9*0.5)+'LINEST VARS'!$D$48*($B9*12.73)+'LINEST VARS'!$C$48*(4*0.5)+'LINEST VARS'!$B$48*(4*12.73)+'LINEST VARS'!$A$48*(0.5*12.73) -> 325.378 | E9: ='LINEST VARS'!$U$48+'LINEST VARS'!$T$48*($E$8)+'LINEST VARS'!$S$48*($B9)+'LINEST VARS'!$R$48*(4)+'LINEST VARS'!$Q$48*(0.5)+'LINEST VARS'!$P$48*(12.73)+'LINEST VARS'!$O$48*($E$8^2)+'LINEST VARS'!$N$48*($B9^2)+'LINEST VARS'!$M$48*(4^2)+'LINEST VARS'!$L$48*(0.5^2)+'LINEST VARS'!$K$48*(12.73^2)+'LINEST VARS'!$J$48*($E$8*$B9)+'LINEST VARS'!$I$48*($E$8*4)+'LINEST VARS'!$H$48*($E$8*0.5)+'LINEST VARS'!$G$48*($E$8*12.73)+'LINEST VARS'!$F$48*($B9*4)+'LINEST VARS'!$E$48*($B9*0.5)+'LINEST VARS'!$D$48*($B9*12.73)+'LINEST VARS'!$C$48*(4*0.5)+'LINEST VARS'!$B$48*(4*12.73)+'LINEST VARS'!$A$48*(0.5*12.73) -> 329.992 | F9: ='LINEST VARS'!$U$48+'LINEST VARS'!$T$48*($F$8)+'LINEST VARS'!$S$48*($B9)+'LINEST VARS'!$R$48*(4)+'LINEST VARS'!$Q$48*(0.5)+'LINEST VARS'!$P$48*(12.73)+'LINEST VARS'!$O$48*($F$8^2)+'LINEST VARS'!$N$48*($B9^2)+'LINEST VARS'!$M$48*(4^2)+'LINEST VARS'!$L$48*(0.5^2)+'LINEST VARS'!$K$48*(12.73^2)+'LINEST VARS'!$J$48*($F$8*$B9)+'LINEST VARS'!$I$48*($F$8*4)+'LINEST VARS'!$H$48*($F$8*0.5)+'LINEST VARS'!$G$48*($F$8*12.73)+'LINEST VARS'!$F$48*($B9*4)+'LINEST VARS'!$E$48*($B9*0.5)+'LINEST VARS'!$D$48*($B9*12.73)+'LINEST VARS'!$C$48*(4*0.5)+'LINEST VARS'!$B$48*(4*12.73)+'LINEST VARS'!$A$48*(0.5*12.73) -> 334.642 | G9: ='LINEST VARS'!$U$48+'LINEST VARS'!$T$48*($G$8)+'LINEST VARS'!$S$48*($B9)+'LINEST VARS'!$R$48*(4)+'LINEST VARS'!$Q$48*(0.5)+'LINEST VARS'!$P$48*(12.73)+'LINEST VARS'!$O$48*($G$8^2)+'LINEST VARS'!$N$48*($B9^2)+'LINEST VARS'!$M$48*(4^2)+'LINEST VARS'!$L$48*(0.5^2)+'LINEST VARS'!$K$48*(12.73^2)+'LINEST VARS'!$J$48*($G$8*$B9)+'LINEST VARS'!$I$48*($G$8*4)+'LINEST VARS'!$H$48*($G$8*0.5)+'LINEST VARS'!$G$48*($G$8*12.73)+'LINEST VARS'!$F$48*($B9*4)+'LINEST VARS'!$E$48*($B9*0.5)+'LINEST VARS'!$D$48*($B9*12.73)+'LINEST VARS'!$C$48*(4*0.5)+'LINEST VARS'!$B$48*(4*12.73)+'LINEST VARS'!$A$48*(0.5*12.73) -> 339.328 | H9: ='LINEST VARS'!$U$48+'LINEST VARS'!$T$48*($H$8)+'LINEST VARS'!$S$48*($B9)+'LINEST VARS'!$R$48*(4)+'LINEST VARS'!$Q$48*(0.5)+'LINEST VARS'!$P$48*(12.73)+'LINEST VARS'!$O$48*($H$8^2)+'LINEST VARS'!$N$48*($B9^2)+'LINEST VARS'!$M$48*(4^2)+'LINEST VARS'!$L$48*(0.5^2)+'LINEST VARS'!$K$48*(12.73^2)+'LINEST VARS'!$J$48*($H$8*$B9)+'LINEST VARS'!$I$48*($H$8*4)+'LINEST VARS'!$H$48*($H$8*0.5)+'LINEST VARS'!$G$48*($H$8*12.73)+'LINEST VARS'!$F$48*($B9*4)+'LINEST VARS'!$E$48*($B9*0.5)+'LINEST VARS'!$D$48*($B9*12.73)+'LINEST VARS'!$C$48*(4*0.5)+'LINEST VARS'!$B$48*(4*12.73)+'LINEST VARS'!$A$48*(0.5*12.73) -> 344.05 | I9: ='LINEST VARS'!$U$48+'LINEST VARS'!$T$48*($I$8)+'LINEST VARS'!$S$48*($B9)+'LINEST VARS'!$R$48*(4)+'LINEST VARS'!$Q$48*(0.5)+'LINEST VARS'!$P$48*(12.73)+'LINEST VARS'!$O$48*($I$8^2)+'LINEST VARS'!$N$48*($B9^2)+'LINEST VARS'!$M$48*(4^2)+'LINEST VARS'!$L$48*(0.5^2)+'LINEST VARS'!$K$48*(12.73^2)+'LINEST VARS'!$J$48*($I$8*$B9)+'LINEST VARS'!$I$48*($I$8*4)+'LINEST VARS'!$H$48*($I$8*0.5)+'LINEST VARS'!$G$48*($I$8*12.73)+'LINEST VARS'!$F$48*($B9*4)+'LINEST VARS'!$E$48*($B9*0.5)+'LINEST VARS'!$D$48*($B9*12.73)+'LINEST VARS'!$C$48*(4*0.5)+'LINEST VARS'!$B$48*(4*12.73)+'LINEST VARS'!$A$48*(0.5*12.73) -> 348.808 | J9: ='LINEST VARS'!$U$48+'LINEST VARS'!$T$48*($J$8)+'LINEST VARS'!$S$48*($B9)+'LINEST VARS'!$R$48*(4)+'LINEST VARS'!$Q$48*(0.5)+'LINEST VARS'!$P$48*(12.73)+'LINEST VARS'!$O$48*($J$8^2)+'LINEST VARS'!$N$48*($B9^2)+'LINEST VARS'!$M$48*(4^2)+'LINEST VARS'!$L$48*(0.5^2)+'LINEST VARS'!$K$48*(12.73^2)+'LINEST VARS'!$J$48*($J$8*$B9)+'LINEST VARS'!$I$48*($J$8*4)+'LINEST VARS'!$H$48*($J$8*0.5)+'LINEST VARS'!$G$48*($J$8*12.73)+'LINEST VARS'!$F$48*($B9*4)+'LINEST VARS'!$E$48*($B9*0.5)+'LINEST VARS'!$D$48*($B9*12.73)+'LINEST VARS'!$C$48*(4*0.5)+'LINEST VARS'!$B$48*(4*12.73)+'LINEST VARS'!$A$48*(0.5*12.73) -> 353.602 | K9: ='LINEST VARS'!$U$48+'LINEST VARS'!$T$48*($K$8)+'LINEST VARS'!$S$48*($B9)+'LINEST VARS'!$R$48*(4)+'LINEST VARS'!$Q$48*(0.5)+'LINEST VARS'!$P$48*(12.73)+'LINEST VARS'!$O$48*($K$8^2)+'LINEST VARS'!$N$48*($B9^2)+'LINEST VARS'!$M$48*(4^2)+'LINEST VARS'!$L$48*(0.5^2)+'LINEST VARS'!$K$48*(12.73^2)+'LINEST VARS'!$J$48*($K$8*$B9)+'LINEST VARS'!$I$48*($K$8*4)+'LINEST VARS'!$H$48*($K$8*0.5)+'LINEST VARS'!$G$48*($K$8*12.73)+'LINEST VARS'!$F$48*($B9*4)+'LINEST VARS'!$E$48*($B9*0.5)+'LINEST VARS'!$D$48*($B9*12.73)+'LINEST VARS'!$C$48*(4*0.5)+'LINEST VARS'!$B$48*(4*12.73)+'LINEST VARS'!$A$48*(0.5*12.73) -> 358.432 | L9: ='LINEST VARS'!$U$48+'LINEST VARS'!$T$48*($L$8)+'LINEST VARS'!$S$48*($B9)+'LINEST VARS'!$R$48*(4)+'LINEST VARS'!$Q$48*(0.5)+'LINEST VARS'!$P$48*(12.73)+'LINEST VARS'!$O$48*($L$8^2)+'LINEST VARS'!$N$48*($B9^2)+'LINEST VARS'!$M$48*(4^2)+'LINEST VARS'!$L$48*(0.5^2)+'LINEST VARS'!$K$48*(12.73^2)+'LINEST VARS'!$J$48*($L$8*$B9)+'LINEST VARS'!$I$48*($L$8*4)+'LINEST VARS'!$H$48*($L$8*0.5)+'LINEST VARS'!$G$48*($L$8*12.73)+'LINEST VARS'!$F$48*($B9*4)+'LINEST VARS'!$E$48*($B9*0.5)+'LINEST VARS'!$D$48*($B9*12.73)+'LINEST VARS'!$C$48*(4*0.5)+'LINEST VARS'!$B$48*(4*12.73)+'LINEST VARS'!$A$48*(0.5*12.73) -> 363.298 | M9: ='LINEST VARS'!$U$48+'LINEST VARS'!$T$48*($M$8)+'LINEST VARS'!$S$48*($B9)+'LINEST VARS'!$R$48*(4)+'LINEST VARS'!$Q$48*(0.5)+'LINEST VARS'!$P$48*(12.73)+'LINEST VARS'!$O$48*($M$8^2)+'LINEST VARS'!$N$48*($B9^2)+'LINEST VARS'!$M$48*(4^2)+'LINEST VARS'!$L$48*(0.5^2)+'LINEST VARS'!$K$48*(12.73^2)+'LINEST VARS'!$J$48*($M$8*$B9)+'LINEST VARS'!$I$48*($M$8*4)+'LINEST VARS'!$H$48*($M$8*0.5)+'LINEST VARS'!$G$48*($M$8*12.73)+'LINEST VARS'!$F$48*($B9*4)+'LINEST VARS'!$E$48*($B9*0.5)+'LINEST VARS'!$D$48*($B9*12.73)+'LINEST VARS'!$C$48*(4*0.5)+'LINEST VARS'!$B$48*(4*12.73)+'LINEST VARS'!$A$48*(0.5*12.73) -> 368.2 | N9: ='LINEST VARS'!$U$48+'LINEST VARS'!$T$48*($N$8)+'LINEST VARS'!$S$48*($B9)+'LINEST VARS'!$R$48*(4)+'LINEST VARS'!$Q$48*(0.5)+'LINEST VARS'!$P$48*(12.73)+'LINEST VARS'!$O$48*($N$8^2)+'LINEST VARS'!$N$48*($B9^2)+'LINEST VARS'!$M$48*(4^2)+'LINEST VARS'!$L$48*(0.5^2)+'LINEST VARS'!$K$48*(12.73^2)+'LINEST VARS'!$J$48*($N$8*$B9)+'LINEST VARS'!$I$48*($N$8*4)+'LINEST VARS'!$H$48*($N$8*0.5)+'LINEST VARS'!$G$48*($N$8*12.73)+'LINEST VARS'!$F$48*($B9*4)+'LINEST VARS'!$E$48*($B9*0.5)+'LINEST VARS'!$D$48*($B9*12.73)+'LINEST VARS'!$C$48*(4*0.5)+'LINEST VARS'!$B$48*(4*12.73)+'LINEST VARS'!$A$48*(0.5*12.73) -> 373.138 | O9: ='LINEST VARS'!$U$48+'LINEST VARS'!$T$48*($O$8)+'LINEST VARS'!$S$48*($B9)+'LINEST VARS'!$R$48*(4)+'LINEST VARS'!$Q$48*(0.5)+'LINEST VARS'!$P$48*(12.73)+'LINEST VARS'!$O$48*($O$8^2)+'LINEST VARS'!$N$48*($B9^2)+'LINEST VARS'!$M$48*(4^2)+'LINEST VARS'!$L$48*(0.5^2)+'LINEST VARS'!$K$48*(12.73^2)+'LINEST VARS'!$J$48*($O$8*$B9)+'LINEST VARS'!$I$48*($O$8*4)+'LINEST VARS'!$H$48*($O$8*0.5)+'LINEST VARS'!$G$48*($O$8*12.73)+'LINEST VARS'!$F$48*($B9*4)+'LINEST VARS'!$E$48*($B9*0.5)+'LINEST VARS'!$D$48*($B9*12.73)+'LINEST VARS'!$C$48*(4*0.5)+'LINEST VARS'!$B$48*(4*12.73)+'LINEST VARS'!$A$48*(0.5*12.73) -> 378.112 | P9: ='LINEST VARS'!$U$48+'LINEST VARS'!$T$48*($P$8)+'LINEST VARS'!$S$48*($B9)+'LINEST VARS'!$R$48*(4)+'LINEST VARS'!$Q$48*(0.5)+'LINEST VARS'!$P$48*(12.73)+'LINEST VARS'!$O$48*($P$8^2)+'LINEST VARS'!$N$48*($B9^2)+'LINEST VARS'!$M$48*(4^2)+'LINEST VARS'!$L$48*(0.5^2)+'LINEST VARS'!$K$48*(12.73^2)+'LINEST VARS'!$J$48*($P$8*$B9)+'LINEST VARS'!$I$48*($P$8*4)+'LINEST VARS'!$H$48*($P$8*0.5)+'LINEST VARS'!$G$48*($P$8*12.73)+'LINEST VARS'!$F$48*($B9*4)+'LINEST VARS'!$E$48*($B9*0.5)+'LINEST VARS'!$D$48*($B9*12.73)+'LINEST VARS'!$C$48*(4*0.5)+'LINEST VARS'!$B$48*(4*12.73)+'LINEST VARS'!$A$48*(0.5*12.73) -> 383.122 | Q9: ='LINEST VARS'!$U$48+'LINEST VARS'!$T$48*($Q$8)+'LINEST VARS'!$S$48*($B9)+'LINEST VARS'!$R$48*(4)+'LINEST VARS'!$Q$48*(0.5)+'LINEST VARS'!$P$48*(12.73)+'LINEST VARS'!$O$48*($Q$8^2)+'LINEST VARS'!$N$48*($B9^2)+'LINEST VARS'!$M$48*(4^2)+'LINEST VARS'!$L$48*(0.5^2)+'LINEST VARS'!$K$48*(12.73^2)+'LINEST VARS'!$J$48*($Q$8*$B9)+'LINEST VARS'!$I$48*($Q$8*4)+'LINEST VARS'!$H$48*($Q$8*0.5)+'LINEST VARS'!$G$48*($Q$8*12.73)+'LINEST VARS'!$F$48*($B9*4)+'LINEST VARS'!$E$48*($B9*0.5)+'LINEST VARS'!$D$48*($B9*12.73)+'LINEST VARS'!$C$48*(4*0.5)+'LINEST VARS'!$B$48*(4*12.73)+'LINEST VARS'!$A$48*(0.5*12.73) -> 388.168 | R9: ='LINEST VARS'!$U$48+'LINEST VARS'!$T$48*($R$8)+'LINEST VARS'!$S$48*($B9)+'LINEST VARS'!$R$48*(4)+'LINEST VARS'!$Q$48*(0.5)+'LINEST VARS'!$P$48*(12.73)+'LINEST VARS'!$O$48*($R$8^2)+'LINEST VARS'!$N$48*($B9^2)+'LINEST VARS'!$M$48*(4^2)+'LINEST VARS'!$L$48*(0.5^2)+'LINEST VARS'!$K$48*(12.73^2)+'LINEST VARS'!$J$48*($R$8*$B9)+'LINEST VARS'!$I$48*($R$8*4)+'LINEST VARS'!$H$48*($R$8*0.5)+'LINEST VARS'!$G$48*($R$8*12.73)+'LINEST VARS'!$F$48*($B9*4)+'LINEST VARS'!$E$48*($B9*0.5)+'LINEST VARS'!$D$48*($B9*12.73)+'LINEST VARS'!$C$48*(4*0.5)+'LINEST VARS'!$B$48*(4*12.73)+'LINEST VARS'!$A$48*(0.5*12.73) -> 393.25 | S9: ='LINEST VARS'!$U$48+'LINEST VARS'!$T$48*($S$8)+'LINEST VARS'!$S$48*($B9)+'LINEST VARS'!$R$48*(4)+'LINEST VARS'!$Q$48*(0.5)+'LINEST VARS'!$P$48*(12.73)+'LINEST VARS'!$O$48*($S$8^2)+'LINEST VARS'!$N$48*($B9^2)+'LINEST VARS'!$M$48*(4^2)+'LINEST VARS'!$L$48*(0.5^2)+'LINEST VARS'!$K$48*(12.73^2)+'LINEST VARS'!$J$48*($S$8*$B9)+'LINEST VARS'!$I$48*($S$8*4)+'LINEST VARS'!$H$48*($S$8*0.5)+'LINEST VARS'!$G$48*($S$8*12.73)+'LINEST VARS'!$F$48*($B9*4)+'LINEST VARS'!$E$48*($B9*0.5)+'LINEST VARS'!$D$48*($B9*12.73)+'LINEST VARS'!$C$48*(4*0.5)+'LINEST VARS'!$B$48*(4*12.73)+'LINEST VARS'!$A$48*(0.5*12.73) -> 398.368 | T9: ='LINEST VARS'!$U$48+'LINEST VARS'!$T$48*($T$8)+'LINEST VARS'!$S$48*($B9)+'LINEST VARS'!$R$48*(4)+'LINEST VARS'!$Q$48*(0.5)+'LINEST VARS'!$P$48*(12.73)+'LINEST VARS'!$O$48*($T$8^2)+'LINEST VARS'!$N$48*($B9^2)+'LINEST VARS'!$M$48*(4^2)+'LINEST VARS'!$L$48*(0.5^2)+'LINEST VARS'!$K$48*(12.73^2)+'LINEST VARS'!$J$48*($T$8*$B9)+'LINEST VARS'!$I$48*($T$8*4)+'LINEST VARS'!$H$48*($T$8*0.5)+'LINEST VARS'!$G$48*($T$8*12.73)+'LINEST VARS'!$F$48*($B9*4)+'LINEST VARS'!$E$48*($B9*0.5)+'LINEST VARS'!$D$48*($B9*12.73)+'LINEST VARS'!$C$48*(4*0.5)+'LINEST VARS'!$B$48*(4*12.73)+'LINEST VARS'!$A$48*(0.5*12.73) -> 403.522 | U9: ='LINEST VARS'!$U$48+'LINEST VARS'!$T$48*($U$8)+'LINEST VARS'!$S$48*($B9)+'LINEST VARS'!$R$48*(4)+'LINEST VARS'!$Q$48*(0.5)+'LINEST VARS'!$P$48*(12.73)+'LINEST VARS'!$O$48*($U$8^2)+'LINEST VARS'!$N$48*($B9^2)+'LINEST VARS'!$M$48*(4^2)+'LINEST VARS'!$L$48*(0.5^2)+'LINEST VARS'!$K$48*(12.73^2)+'LINEST VARS'!$J$48*($U$8*$B9)+'LINEST VARS'!$I$48*($U$8*4)+'LINEST VARS'!$H$48*($U$8*0.5)+'LINEST VARS'!$G$48*($U$8*12.73)+'LINEST VARS'!$F$48*($B9*4)+'LINEST VARS'!$E$48*($B9*0.5)+'LINEST VARS'!$D$48*($B9*12.73)+'LINEST VARS'!$C$48*(4*0.5)+'LINEST VARS'!$B$48*(4*12.73)+'LINEST VARS'!$A$48*(0.5*12.73) -> 408.712 | V9: ='LINEST VARS'!$U$48+'LINEST VARS'!$T$48*($V$8)+'LINEST VARS'!$S$48*($B9)+'LINEST VARS'!$R$48*(4)+'LINEST VARS'!$Q$48*(0.5)+'LINEST VARS'!$P$48*(12.73)+'LINEST VARS'!$O$48*($V$8^2)+'LINEST VARS'!$N$48*($B9^2)+'LINEST VARS'!$M$48*(4^2)+'LINEST VARS'!$L$48*(0.5^2)+'LINEST VARS'!$K$48*(12.73^2)+'LINEST VARS'!$J$48*($V$8*$B9)+'LINEST VARS'!$I$48*($V$8*4)+'LINEST VARS'!$H$48*($V$8*0.5)+'LINEST VARS'!$G$48*($V$8*12.73)+'LINEST VARS'!$F$48*($B9*4)+'LINEST VARS'!$E$48*($B9*0.5)+'LINEST VARS'!$D$48*($B9*12.73)+'LINEST VARS'!$C$48*(4*0.5)+'LINEST VARS'!$B$48*(4*12.73)+'LINEST VARS'!$A$48*(0.5*12.73) -> 413.938 | W9: ='LINEST VARS'!$U$48+'LINEST VARS'!$T$48*($W$8)+'LINEST VARS'!$S$48*($B9)+'LINEST VARS'!$R$48*(4)+'LINEST VARS'!$Q$48*(0.5)+'LINEST VARS'!$P$48*(12.73)+'LINEST VARS'!$O$48*($W$8^2)+'LINEST VARS'!$N$48*($B9^2)+'LINEST VARS'!$M$48*(4^2)+'LINEST VARS'!$L$48*(0.5^2)+'LINEST VARS'!$K$48*(12.73^2)+'LINEST VARS'!$J$48*($W$8*$B9)+'LINEST VARS'!$I$48*($W$8*4)+'LINEST VARS'!$H$48*($W$8*0.5)+'LINEST VARS'!$G$48*($W$8*12.73)+'LINEST VARS'!$F$48*($B9*4)+'LINEST VARS'!$E$48*($B9*0.5)+'LINEST VARS'!$D$48*($B9*12.73)+'LINEST VARS'!$C$48*(4*0.5)+'LINEST VARS'!$B$48*(4*12.73)+'LINEST VARS'!$A$48*(0.5*12.73) -> 419.2 | Z9: 7.4 | AA9: ='LINEST VARS'!$U$50+'LINEST VARS'!$T$50*($AA$8)+'LINEST VARS'!$S$50*($Z9)+'LINEST VARS'!$R$50*(4)+'LINEST VARS'!$Q$50*(0.5)+'LINEST VARS'!$P$50*(12.73)+'LINEST VARS'!$O$50*($AA$8^2)+'LINEST VARS'!$N$50*($Z9^2)+'LINEST VARS'!$M$50*(4^2)+'LINEST VARS'!$L$50*(0.5^2)+'LINEST VARS'!$K$50*(12.73^2)+'LINEST VARS'!$J$50*($AA$8*$Z9)+'LINEST VARS'!$I$50*($AA$8*4)+'LINEST VARS'!$H$50*($AA$8*0.5)+'LINEST VARS'!$G$50*($AA$8*12.73)+'LINEST VARS'!$F$50*($Z9*4)+'LINEST VARS'!$E$50*($Z9*0.5)+'LINEST VARS'!$D$50*($Z9*12.73)+'LINEST VARS'!$C$50*(4*0.5)+'LINEST VARS'!$B$50*(4*12.73)+'LINEST VARS'!$A$50*(0.5*12.73) -> 329.6 | AB9: ='LINEST VARS'!$U$50+'LINEST VARS'!$T$50*($AB$8)+'LINEST VARS'!$S$50*($Z9)+'LINEST VARS'!$R$50*(4)+'LINEST VARS'!$Q$50*(0.5)+'LINEST VARS'!$P$50*(12.73)+'LINEST VARS'!$O$50*($AB$8^2)+'LINEST VARS'!$N$50*($Z9^2)+'LINEST VARS'!$M$50*(4^2)+'LINEST VARS'!$L$50*(0.5^2)+'LINEST VARS'!$K$50*(12.73^2)+'LINEST VARS'!$J$50*($AB$8*$Z9)+'LINEST VARS'!$I$50*($AB$8*4)+'LINEST VARS'!$H$50*($AB$8*0.5)+'LINEST VARS'!$G$50*($AB$8*12.73)+'LINEST VARS'!$F$50*($Z9*4)+'LINEST VARS'!$E$50*($Z9*0.5)+'LINEST VARS'!$D$50*($Z9*12.73)+'LINEST VARS'!$C$50*(4*0.5)+'LINEST VARS'!$B$50*(4*12.73)+'LINEST VARS'!$A$50*(0.5*12.73) -> 329.69 | AC9: ='LINEST VARS'!$U$50+'LINEST VARS'!$T$50*($AC$8)+'LINEST VARS'!$S$50*($Z9)+'LINEST VARS'!$R$50*(4)+'LINEST VARS'!$Q$50*(0.5)+'LINEST VARS'!$P$50*(12.73)+'LINEST VARS'!$O$50*($AC$8^2)+'LINEST VARS'!$N$50*($Z9^2)+'LINEST VARS'!$M$50*(4^2)+'LINEST VARS'!$L$50*(0.5^2)+'LINEST VARS'!$K$50*(12.73^2)+'LINEST VARS'!$J$50*($AC$8*$Z9)+'LINEST VARS'!$I$50*($AC$8*4)+'LINEST VARS'!$H$50*($AC$8*0.5)+'LINEST VARS'!$G$50*($AC$8*12.73)+'LINEST VARS'!$F$50*($Z9*4)+'LINEST VARS'!$E$50*($Z9*0.5)+'LINEST VARS'!$D$50*($Z9*12.73)+'LINEST VARS'!$C$50*(4*0.5)+'LINEST VARS'!$B$50*(4*12.73)+'LINEST VARS'!$A$50*(0.5*12.73) -> 329.78 | AD9: ='LINEST VARS'!$U$50+'LINEST VARS'!$T$50*($AD$8)+'LINEST VARS'!$S$50*($Z9)+'LINEST VARS'!$R$50*(4)+'LINEST VARS'!$Q$50*(0.5)+'LINEST VARS'!$P$50*(12.73)+'LINEST VARS'!$O$50*($AD$8^2)+'LINEST VARS'!$N$50*($Z9^2)+'LINEST VARS'!$M$50*(4^2)+'LINEST VARS'!$L$50*(0.5^2)+'LINEST VARS'!$K$50*(12.73^2)+'LINEST VARS'!$J$50*($AD$8*$Z9)+'LINEST VARS'!$I$50*($AD$8*4)+'LINEST VARS'!$H$50*($AD$8*0.5)+'LINEST VARS'!$G$50*($AD$8*12.73)+'LINEST VARS'!$F$50*($Z9*4)+'LINEST VARS'!$E$50*($Z9*0.5)+'LINEST VARS'!$D$50*($Z9*12.73)+'LINEST VARS'!$C$50*(4*0.5)+'LINEST VARS'!$B$50*(4*12.73)+'LINEST VARS'!$A$50*(0.5*12.73) -> 329.87 | AE9: ='LINEST VARS'!$U$50+'LINEST VARS'!$T$50*($AE$8)+'LINEST VARS'!$S$50*($Z9)+'LINEST VARS'!$R$50*(4)+'LINEST VARS'!$Q$50*(0.5)+'LINEST VARS'!$P$50*(12.73)+'LINEST VARS'!$O$50*($AE$8^2)+'LINEST VARS'!$N$50*($Z9^2)+'LINEST VARS'!$M$50*(4^2)+'LINEST VARS'!$L$50*(0.5^2)+'LINEST VARS'!$K$50*(12.73^2)+'LINEST VARS'!$J$50*($AE$8*$Z9)+'LINEST VARS'!$I$50*($AE$8*4)+'LINEST VARS'!$H$50*($AE$8*0.5)+'LINEST VARS'!$G$50*($AE$8*12.73)+'LINEST VARS'!$F$50*($Z9*4)+'LINEST VARS'!$E$50*($Z9*0.5)+'LINEST VARS'!$D$50*($Z9*12.73)+'LINEST VARS'!$C$50*(4*0.5)+'LINEST VARS'!$B$50*(4*12.73)+'LINEST VARS'!$A$50*(0.5*12.73) -> 329.96 | AF9: ='LINEST VARS'!$U$50+'LINEST VARS'!$T$50*($AF$8)+'LINEST VARS'!$S$50*($Z9)+'LINEST VARS'!$R$50*(4)+'LINEST VARS'!$Q$50*(0.5)+'LINEST VARS'!$P$50*(12.73)+'LINEST VARS'!$O$50*($AF$8^2)+'LINEST VARS'!$N$50*($Z9^2)+'LINEST VARS'!$M$50*(4^2)+'LINEST VARS'!$L$50*(0.5^2)+'LINEST VARS'!$K$50*(12.73^2)+'LINEST VARS'!$J$50*($AF$8*$Z9)+'LINEST VARS'!$I$50*($AF$8*4)+'LINEST VARS'!$H$50*($AF$8*0.5)+'LINEST VARS'!$G$50*($AF$8*12.73)+'LINEST VARS'!$F$50*($Z9*4)+'LINEST VARS'!$E$50*($Z9*0.5)+'LINEST VARS'!$D$50*($Z9*12.73)+'LINEST VARS'!$C$50*(4*0.5)+'LINEST VARS'!$B$50*(4*12.73)+'LINEST VARS'!$A$50*(0.5*12.73) -> 330.05 | AG9: ='LINEST VARS'!$U$50+'LINEST VARS'!$T$50*($AG$8)+'LINEST VARS'!$S$50*($Z9)+'LINEST VARS'!$R$50*(4)+'LINEST VARS'!$Q$50*(0.5)+'LINEST VARS'!$P$50*(12.73)+'LINEST VARS'!$O$50*($AG$8^2)+'LINEST VARS'!$N$50*($Z9^2)+'LINEST VARS'!$M$50*(4^2)+'LINEST VARS'!$L$50*(0.5^2)+'LINEST VARS'!$K$50*(12.73^2)+'LINEST VARS'!$J$50*($AG$8*$Z9)+'LINEST VARS'!$I$50*($AG$8*4)+'LINEST VARS'!$H$50*($AG$8*0.5)+'LINEST VARS'!$G$50*($AG$8*12.73)+'LINEST VARS'!$F$50*($Z9*4)+'LINEST VARS'!$E$50*($Z9*0.5)+'LINEST VARS'!$D$50*($Z9*12.73)+'LINEST VARS'!$C$50*(4*0.5)+'LINEST VARS'!$B$50*(4*12.73)+'LINEST VARS'!$A$50*(0.5*12.73) -> 330.14 | AH9: ='LINEST VARS'!$U$50+'LINEST VARS'!$T$50*($AH$8)+'LINEST VARS'!$S$50*($Z9)+'LINEST VARS'!$R$50*(4)+'LINEST VARS'!$Q$50*(0.5)+'LINEST VARS'!$P$50*(12.73)+'LINEST VARS'!$O$50*($AH$8^2)+'LINEST VARS'!$N$50*($Z9^2)+'LINEST VARS'!$M$50*(4^2)+'LINEST VARS'!$L$50*(0.5^2)+'LINEST VARS'!$K$50*(12.73^2)+'LINEST VARS'!$J$50*($AH$8*$Z9)+'LINEST VARS'!$I$50*($AH$8*4)+'LINEST VARS'!$H$50*($AH$8*0.5)+'LINEST VARS'!$G$50*($AH$8*12.73)+'LINEST VARS'!$F$50*($Z9*4)+'LINEST VARS'!$E$50*($Z9*0.5)+'LINEST VARS'!$D$50*($Z9*12.73)+'LINEST VARS'!$C$50*(4*0.5)+'LINEST VARS'!$B$50*(4*12.73)+'LINEST VARS'!$A$50*(0.5*12.73) -> 330.23 | AI9: ='LINEST VARS'!$U$50+'LINEST VARS'!$T$50*($AI$8)+'LINEST VARS'!$S$50*($Z9)+'LINEST VARS'!$R$50*(4)+'LINEST VARS'!$Q$50*(0.5)+'LINEST VARS'!$P$50*(12.73)+'LINEST VARS'!$O$50*($AI$8^2)+'LINEST VARS'!$N$50*($Z9^2)+'LINEST VARS'!$M$50*(4^2)+'LINEST VARS'!$L$50*(0.5^2)+'LINEST VARS'!$K$50*(12.73^2)+'LINEST VARS'!$J$50*($AI$8*$Z9)+'LINEST VARS'!$I$50*($AI$8*4)+'LINEST VARS'!$H$50*($AI$8*0.5)+'LINEST VARS'!$G$50*($AI$8*12.73)+'LINEST VARS'!$F$50*($Z9*4)+'LINEST VARS'!$E$50*($Z9*0.5)+'LINEST VARS'!$D$50*($Z9*12.73)+'LINEST VARS'!$C$50*(4*0.5)+'LINEST VARS'!$B$50*(4*12.73)+'LINEST VARS'!$A$50*(0.5*12.73) -> 330.32 | AJ9: ='LINEST VARS'!$U$50+'LINEST VARS'!$T$50*($AJ$8)+'LINEST VARS'!$S$50*($Z9)+'LINEST VARS'!$R$50*(4)+'LINEST VARS'!$Q$50*(0.5)+'LINEST VARS'!$P$50*(12.73)+'LINEST VARS'!$O$50*($AJ$8^2)+'LINEST VARS'!$N$50*($Z9^2)+'LINEST VARS'!$M$50*(4^2)+'LINEST VARS'!$L$50*(0.5^2)+'LINEST VARS'!$K$50*(12.73^2)+'LINEST VARS'!$J$50*($AJ$8*$Z9)+'LINEST VARS'!$I$50*($AJ$8*4)+'LINEST VARS'!$H$50*($AJ$8*0.5)+'LINEST VARS'!$G$50*($AJ$8*12.73)+'LINEST VARS'!$F$50*($Z9*4)+'LINEST VARS'!$E$50*($Z9*0.5)+'LINEST VARS'!$D$50*($Z9*12.73)+'LINEST VARS'!$C$50*(4*0.5)+'LINEST VARS'!$B$50*(4*12.73)+'LINEST VARS'!$A$50*(0.5*12.73) -> 330.41 | AK9: ='LINEST VARS'!$U$50+'LINEST VARS'!$T$50*($AK$8)+'LINEST VARS'!$S$50*($Z9)+'LINEST VARS'!$R$50*(4)+'LINEST VARS'!$Q$50*(0.5)+'LINEST VARS'!$P$50*(12.73)+'LINEST VARS'!$O$50*($AK$8^2)+'LINEST VARS'!$N$50*($Z9^2)+'LINEST VARS'!$M$50*(4^2)+'LINEST VARS'!$L$50*(0.5^2)+'LINEST VARS'!$K$50*(12.73^2)+'LINEST VARS'!$J$50*($AK$8*$Z9)+'LINEST VARS'!$I$50*($AK$8*4)+'LINEST VARS'!$H$50*($AK$8*0.5)+'LINEST VARS'!$G$50*($AK$8*12.73)+'LINEST VARS'!$F$50*($Z9*4)+'LINEST VARS'!$E$50*($Z9*0.5)+'LINEST VARS'!$D$50*($Z9*12.73)+'LINEST VARS'!$C$50*(4*0.5)+'LINEST VARS'!$B$50*(4*12.73)+'LINEST VARS'!$A$50*(0.5*12.73) -> 330.5 | AL9: ='LINEST VARS'!$U$50+'LINEST VARS'!$T$50*($AL$8)+'LINEST VARS'!$S$50*($Z9)+'LINEST VARS'!$R$50*(4)+'LINEST VARS'!$Q$50*(0.5)+'LINEST VARS'!$P$50*(12.73)+'LINEST VARS'!$O$50*($AL$8^2)+'LINEST VARS'!$N$50*($Z9^2)+'LINEST VARS'!$M$50*(4^2)+'LINEST VARS'!$L$50*(0.5^2)+'LINEST VARS'!$K$50*(12.73^2)+'LINEST VARS'!$J$50*($AL$8*$Z9)+'LINEST VARS'!$I$50*($AL$8*4)+'LINEST VARS'!$H$50*($AL$8*0.5)+'LINEST VARS'!$G$50*($AL$8*12.73)+'LINEST VARS'!$F$50*($Z9*4)+'LINEST VARS'!$E$50*($Z9*0.5)+'LINEST VARS'!$D$50*($Z9*12.73)+'LINEST VARS'!$C$50*(4*0.5)+'LINEST VARS'!$B$50*(4*12.73)+'LINEST VARS'!$A$50*(0.5*12.73) -> 330.59 | AM9: ='LINEST VARS'!$U$50+'LINEST VARS'!$T$50*($AM$8)+'LINEST VARS'!$S$50*($Z9)+'LINEST VARS'!$R$50*(4)+'LINEST VARS'!$Q$50*(0.5)+'LINEST VARS'!$P$50*(12.73)+'LINEST VARS'!$O$50*($AM$8^2)+'LINEST VARS'!$N$50*($Z9^2)+'LINEST VARS'!$M$50*(4^2)+'LINEST VARS'!$L$50*(0.5^2)+'LINEST VARS'!$K$50*(12.73^2)+'LINEST VARS'!$J$50*($AM$8*$Z9)+'LINEST VARS'!$I$50*($AM$8*4)+'LINEST VARS'!$H$50*($AM$8*0.5)+'LINEST VARS'!$G$50*($AM$8*12.73)+'LINEST VARS'!$F$50*($Z9*4)+'LINEST VARS'!$E$50*($Z9*0.5)+'LINEST VARS'!$D$50*($Z9*12.73)+'LINEST VARS'!$C$50*(4*0.5)+'LINEST VARS'!$B$50*(4*12.73)+'LINEST VARS'!$A$50*(0.5*12.73) -> 330.68 | AN9: ='LINEST VARS'!$U$50+'LINEST VARS'!$T$50*($AN$8)+'LINEST VARS'!$S$50*($Z9)+'LINEST VARS'!$R$50*(4)+'LINEST VARS'!$Q$50*(0.5)+'LINEST VARS'!$P$50*(12.73)+'LINEST VARS'!$O$50*($AN$8^2)+'LINEST VARS'!$N$50*($Z9^2)+'LINEST VARS'!$M$50*(4^2)+'LINEST VARS'!$L$50*(0.5^2)+'LINEST VARS'!$K$50*(12.73^2)+'LINEST VARS'!$J$50*($AN$8*$Z9)+'LINEST VARS'!$I$50*($AN$8*4)+'LINEST VARS'!$H$50*($AN$8*0.5)+'LINEST VARS'!$G$50*($AN$8*12.73)+'LINEST VARS'!$F$50*($Z9*4)+'LINEST VARS'!$E$50*($Z9*0.5)+'LINEST VARS'!$D$50*($Z9*12.73)+'LINEST VARS'!$C$50*(4*0.5)+'LINEST VARS'!$B$50*(4*12.73)+'LINEST VARS'!$A$50*(0.5*12.73) -> 330.77 | AO9: ='LINEST VARS'!$U$50+'LINEST VARS'!$T$50*($AO$8)+'LINEST VARS'!$S$50*($Z9)+'LINEST VARS'!$R$50*(4)+'LINEST VARS'!$Q$50*(0.5)+'LINEST VARS'!$P$50*(12.73)+'LINEST VARS'!$O$50*($AO$8^2)+'LINEST VARS'!$N$50*($Z9^2)+'LINEST VARS'!$M$50*(4^2)+'LINEST VARS'!$L$50*(0.5^2)+'LINEST VARS'!$K$50*(12.73^2)+'LINEST VARS'!$J$50*($AO$8*$Z9)+'LINEST VARS'!$I$50*($AO$8*4)+'LINEST VARS'!$H$50*($AO$8*0.5)+'LINEST VARS'!$G$50*($AO$8*12.73)+'LINEST VARS'!$F$50*($Z9*4)+'LINEST VARS'!$E$50*($Z9*0.5)+'LINEST VARS'!$D$50*($Z9*12.73)+'LINEST VARS'!$C$50*(4*0.5)+'LINEST VARS'!$B$50*(4*12.73)+'LINEST VARS'!$A$50*(0.5*12.73) -> 330.86 | AP9: ='LINEST VARS'!$U$50+'LINEST VARS'!$T$50*($AP$8)+'LINEST VARS'!$S$50*($Z9)+'LINEST VARS'!$R$50*(4)+'LINEST VARS'!$Q$50*(0.5)+'LINEST VARS'!$P$50*(12.73)+'LINEST VARS'!$O$50*($AP$8^2)+'LINEST VARS'!$N$50*($Z9^2)+'LINEST VARS'!$M$50*(4^2)+'LINEST VARS'!$L$50*(0.5^2)+'LINEST VARS'!$K$50*(12.73^2)+'LINEST VARS'!$J$50*($AP$8*$Z9)+'LINEST VARS'!$I$50*($AP$8*4)+'LINEST VARS'!$H$50*($AP$8*0.5)+'LINEST VARS'!$G$50*($AP$8*12.73)+'LINEST VARS'!$F$50*($Z9*4)+'LINEST VARS'!$E$50*($Z9*0.5)+'LINEST VARS'!$D$50*($Z9*12.73)+'LINEST VARS'!$C$50*(4*0.5)+'LINEST VARS'!$B$50*(4*12.73)+'LINEST VARS'!$A$50*(0.5*12.73) -> 330.95 | AQ9: ='LINEST VARS'!$U$50+'LINEST VARS'!$T$50*($AQ$8)+'LINEST VARS'!$S$50*($Z9)+'LINEST VARS'!$R$50*(4)+'LINEST VARS'!$Q$50*(0.5)+'LINEST VARS'!$P$50*(12.73)+'LINEST VARS'!$O$50*($AQ$8^2)+'LINEST VARS'!$N$50*($Z9^2)+'LINEST VARS'!$M$50*(4^2)+'LINEST VARS'!$L$50*(0.5^2)+'LINEST VARS'!$K$50*(12.73^2)+'LINEST VARS'!$J$50*($AQ$8*$Z9)+'LINEST VARS'!$I$50*($AQ$8*4)+'LINEST VARS'!$H$50*($AQ$8*0.5)+'LINEST VARS'!$G$50*($AQ$8*12.73)+'LINEST VARS'!$F$50*($Z9*4)+'LINEST VARS'!$E$50*($Z9*0.5)+'LINEST VARS'!$D$50*($Z9*12.73)+'LINEST VARS'!$C$50*(4*0.5)+'LINEST VARS'!$B$50*(4*12.73)+'LINEST VARS'!$A$50*(0.5*12.73) -> 331.04 | AR9: ='LINEST VARS'!$U$50+'LINEST VARS'!$T$50*($AR$8)+'LINEST VARS'!$S$50*($Z9)+'LINEST VARS'!$R$50*(4)+'LINEST VARS'!$Q$50*(0.5)+'LINEST VARS'!$P$50*(12.73)+'LINEST VARS'!$O$50*($AR$8^2)+'LINEST VARS'!$N$50*($Z9^2)+'LINEST VARS'!$M$50*(4^2)+'LINEST VARS'!$L$50*(0.5^2)+'LINEST VARS'!$K$50*(12.73^2)+'LINEST VARS'!$J$50*($AR$8*$Z9)+'LINEST VARS'!$I$50*($AR$8*4)+'LINEST VARS'!$H$50*($AR$8*0.5)+'LINEST VARS'!$G$50*($AR$8*12.73)+'LINEST VARS'!$F$50*($Z9*4)+'LINEST VARS'!$E$50*($Z9*0.5)+'LINEST VARS'!$D$50*($Z9*12.73)+'LINEST VARS'!$C$50*(4*0.5)+'LINEST VARS'!$B$50*(4*12.73)+'LINEST VARS'!$A$50*(0.5*12.73) -> 331.13 | AS9: ='LINEST VARS'!$U$50+'LINEST VARS'!$T$50*($AS$8)+'LINEST VARS'!$S$50*($Z9)+'LINEST VARS'!$R$50*(4)+'LINEST VARS'!$Q$50*(0.5)+'LINEST VARS'!$P$50*(12.73)+'LINEST VARS'!$O$50*($AS$8^2)+'LINEST VARS'!$N$50*($Z9^2)+'LINEST VARS'!$M$50*(4^2)+'LINEST VARS'!$L$50*(0.5^2)+'LINEST VARS'!$K$50*(12.73^2)+'LINEST VARS'!$J$50*($AS$8*$Z9)+'LINEST VARS'!$I$50*($AS$8*4)+'LINEST VARS'!$H$50*($AS$8*0.5)+'LINEST VARS'!$G$50*($AS$8*12.73)+'LINEST VARS'!$F$50*($Z9*4)+'LINEST VARS'!$E$50*($Z9*0.5)+'LINEST VARS'!$D$50*($Z9*12.73)+'LINEST VARS'!$C$50*(4*0.5)+'LINEST VARS'!$B$50*(4*12.73)+'LINEST VARS'!$A$50*(0.5*12.73) -> 331.22 | AT9: ='LINEST VARS'!$U$50+'LINEST VARS'!$T$50*($AT$8)+'LINEST VARS'!$S$50*($Z9)+'LINEST VARS'!$R$50*(4)+'LINEST VARS'!$Q$50*(0.5)+'LINEST VARS'!$P$50*(12.73)+'LINEST VARS'!$O$50*($AT$8^2)+'LINEST VARS'!$N$50*($Z9^2)+'LINEST VARS'!$M$50*(4^2)+'LINEST VARS'!$L$50*(0.5^2)+'LINEST VARS'!$K$50*(12.73^2)+'LINEST VARS'!$J$50*($AT$8*$Z9)+'LINEST VARS'!$I$50*($AT$8*4)+'LINEST VARS'!$H$50*($AT$8*0.5)+'LINEST VARS'!$G$50*($AT$8*12.73)+'LINEST VARS'!$F$50*($Z9*4)+'LINEST VARS'!$E$50*($Z9*0.5)+'LINEST VARS'!$D$50*($Z9*12.73)+'LINEST VARS'!$C$50*(4*0.5)+'LINEST VARS'!$B$50*(4*12.73)+'LINEST VARS'!$A$50*(0.5*12.73) -> 331.31 | AU9: ='LINEST VARS'!$U$50+'LINEST VARS'!$T$50*($AU$8)+'LINEST VARS'!$S$50*($Z9)+'LINEST VARS'!$R$50*(4)+'LINEST VARS'!$Q$50*(0.5)+'LINEST VARS'!$P$50*(12.73)+'LINEST VARS'!$O$50*($AU$8^2)+'LINEST VARS'!$N$50*($Z9^2)+'LINEST VARS'!$M$50*(4^2)+'LINEST VARS'!$L$50*(0.5^2)+'LINEST VARS'!$K$50*(12.73^2)+'LINEST VARS'!$J$50*($AU$8*$Z9)+'LINEST VARS'!$I$50*($AU$8*4)+'LINEST VARS'!$H$50*($AU$8*0.5)+'LINEST VARS'!$G$50*($AU$8*12.73)+'LINEST VARS'!$F$50*($Z9*4)+'LINEST VARS'!$E$50*($Z9*0.5)+'LINEST VARS'!$D$50*($Z9*12.73)+'LINEST VARS'!$C$50*(4*0.5)+'LINEST VARS'!$B$50*(4*12.73)+'LINEST VARS'!$A$50*(0.5*12.73) -> 331.4 | AZ9: 0 | BA9: ='LINEST VARS'!$U$48+'LINEST VARS'!$T$48*(8)+'LINEST VARS'!$S$48*(8)+'LINEST VARS'!$R$48*($BA$8)+'LINEST VARS'!$Q$48*($AZ9)+'LINEST VARS'!$P$48*(12.73)+'LINEST VARS'!$O$48*(8^2)+'LINEST VARS'!$N$48*(8^2)+'LINEST VARS'!$M$48*($BA$8^2)+'LINEST VARS'!$L$48*($AZ9^2)+'LINEST VARS'!$K$48*(12.73^2)+'LINEST VARS'!$J$48*(8*8)+'LINEST VARS'!$I$48*(8*$BA$8)+'LINEST VARS'!$H$48*(8*$AZ9)+'LINEST VARS'!$G$48*(8*12.73)+'LINEST VARS'!$F$48*(8*$BA$8)+'LINEST VARS'!$E$48*(8*$AZ9)+'LINEST VARS'!$D$48*(8*12.73)+'LINEST VARS'!$C$48*($BA$8*$AZ9)+'LINEST VARS'!$B$48*($BA$8*12.73)+'LINEST VARS'!$A$48*($AZ9*12.73) -> 370 | BB9: ='LINEST VARS'!$U$48+'LINEST VARS'!$T$48*(8)+'LINEST VARS'!$S$48*(8)+'LINEST VARS'!$R$48*($BB$8)+'LINEST VARS'!$Q$48*($AZ9)+'LINEST VARS'!$P$48*(12.73)+'LINEST VARS'!$O$48*(8^2)+'LINEST VARS'!$N$48*(8^2)+'LINEST VARS'!$M$48*($BB$8^2)+'LINEST VARS'!$L$48*($AZ9^2)+'LINEST VARS'!$K$48*(12.73^2)+'LINEST VARS'!$J$48*(8*8)+'LINEST VARS'!$I$48*(8*$BB$8)+'LINEST VARS'!$H$48*(8*$AZ9)+'LINEST VARS'!$G$48*(8*12.73)+'LINEST VARS'!$F$48*(8*$BB$8)+'LINEST VARS'!$E$48*(8*$AZ9)+'LINEST VARS'!$D$48*(8*12.73)+'LINEST VARS'!$C$48*($BB$8*$AZ9)+'LINEST VARS'!$B$48*($BB$8*12.73)+'LINEST VARS'!$A$48*($AZ9*12.73) -> 370 | BC9: ='LINEST VARS'!$U$48+'LINEST VARS'!$T$48*(8)+'LINEST VARS'!$S$48*(8)+'LINEST VARS'!$R$48*($BC$8)+'LINEST VARS'!$Q$48*($AZ9)+'LINEST VARS'!$P$48*(12.73)+'LINEST VARS'!$O$48*(8^2)+'LINEST VARS'!$N$48*(8^2)+'LINEST VARS'!$M$48*($BC$8^2)+'LINEST VARS'!$L$48*($AZ9^2)+'LINEST VARS'!$K$48*(12.73^2)+'LINEST VARS'!$J$48*(8*8)+'LINEST VARS'!$I$48*(8*$BC$8)+'LINEST VARS'!$H$48*(8*$AZ9)+'LINEST VARS'!$G$48*(8*12.73)+'LINEST VARS'!$F$48*(8*$BC$8)+'LINEST VARS'!$E$48*(8*$AZ9)+'LINEST VARS'!$D$48*(8*12.73)+'LINEST VARS'!$C$48*($BC$8*$AZ9)+'LINEST VARS'!$B$48*($BC$8*12.73)+'LINEST VARS'!$A$48*($AZ9*12.73) -> 370 | BD9: ='LINEST VARS'!$U$48+'LINEST VARS'!$T$48*(8)+'LINEST VARS'!$S$48*(8)+'LINEST VARS'!$R$48*($BD$8)+'LINEST VARS'!$Q$48*($AZ9)+'LINEST VARS'!$P$48*(12.73)+'LINEST VARS'!$O$48*(8^2)+'LINEST VARS'!$N$48*(8^2)+'LINEST VARS'!$M$48*($BD$8^2)+'LINEST VARS'!$L$48*($AZ9^2)+'LINEST VARS'!$K$48*(12.73^2)+'LINEST VARS'!$J$48*(8*8)+'LINEST VARS'!$I$48*(8*$BD$8)+'LINEST VARS'!$H$48*(8*$AZ9)+'LINEST VARS'!$G$48*(8*12.73)+'LINEST VARS'!$F$48*(8*$BD$8)+'LINEST VARS'!$E$48*(8*$AZ9)+'LINEST VARS'!$D$48*(8*12.73)+'LINEST VARS'!$C$48*($BD$8*$AZ9)+'LINEST VARS'!$B$48*($BD$8*12.73)+'LINEST VARS'!$A$48*($AZ9*12.73) -> 370 | BE9: ='LINEST VARS'!$U$48+'LINEST VARS'!$T$48*(8)+'LINEST VARS'!$S$48*(8)+'LINEST VARS'!$R$48*($BE$8)+'LINEST VARS'!$Q$48*($AZ9)+'LINEST VARS'!$P$48*(12.73)+'LINEST VARS'!$O$48*(8^2)+'LINEST VARS'!$N$48*(8^2)+'LINEST VARS'!$M$48*($BE$8^2)+'LINEST VARS'!$L$48*($AZ9^2)+'LINEST VARS'!$K$48*(12.73^2)+'LINEST VARS'!$J$48*(8*8)+'LINEST VARS'!$I$48*(8*$BE$8)+'LINEST VARS'!$H$48*(8*$AZ9)+'LINEST VARS'!$G$48*(8*12.73)+'LINEST VARS'!$F$48*(8*$BE$8)+'LINEST VARS'!$E$48*(8*$AZ9)+'LINEST VARS'!$D$48*(8*12.73)+'LINEST VARS'!$C$48*($BE$8*$AZ9)+'LINEST VARS'!$B$48*($BE$8*12.73)+'LINEST VARS'!$A$48*($AZ9*12.73) -> 370 | BF9: ='LINEST VARS'!$U$48+'LINEST VARS'!$T$48*(8)+'LINEST VARS'!$S$48*(8)+'LINEST VARS'!$R$48*($BF$8)+'LINEST VARS'!$Q$48*($AZ9)+'LINEST VARS'!$P$48*(12.73)+'LINEST VARS'!$O$48*(8^2)+'LINEST VARS'!$N$48*(8^2)+'LINEST VARS'!$M$48*($BF$8^2)+'LINEST VARS'!$L$48*($AZ9^2)+'LINEST VARS'!$K$48*(12.73^2)+'LINEST VARS'!$J$48*(8*8)+'LINEST VARS'!$I$48*(8*$BF$8)+'LINEST VARS'!$H$48*(8*$AZ9)+'LINEST VARS'!$G$48*(8*12.73)+'LINEST VARS'!$F$48*(8*$BF$8)+'LINEST VARS'!$E$48*(8*$AZ9)+'LINEST VARS'!$D$48*(8*12.73)+'LINEST VARS'!$C$48*($BF$8*$AZ9)+'LINEST VARS'!$B$48*($BF$8*12.73)+'LINEST VARS'!$A$48*($AZ9*12.73) -> 370 | BG9: ='LINEST VARS'!$U$48+'LINEST VARS'!$T$48*(8)+'LINEST VARS'!$S$48*(8)+'LINEST VARS'!$R$48*($BG$8)+'LINEST VARS'!$Q$48*($AZ9)+'LINEST VARS'!$P$48*(12.73)+'LINEST VARS'!$O$48*(8^2)+'LINEST VARS'!$N$48*(8^2)+'LINEST VARS'!$M$48*($BG$8^2)+'LINEST VARS'!$L$48*($AZ9^2)+'LINEST VARS'!$K$48*(12.73^2)+'LINEST VARS'!$J$48*(8*8)+'LINEST VARS'!$I$48*(8*$BG$8)+'LINEST VARS'!$H$48*(8*$AZ9)+'LINEST VARS'!$G$48*(8*12.73)+'LINEST VARS'!$F$48*(8*$BG$8)+'LINEST VARS'!$E$48*(8*$AZ9)+'LINEST VARS'!$D$48*(8*12.73)+'LINEST VARS'!$C$48*($BG$8*$AZ9)+'LINEST VARS'!$B$48*($BG$8*12.73)+'LINEST VARS'!$A$48*($AZ9*12.73) -> 370 | BH9: ='LINEST VARS'!$U$48+'LINEST VARS'!$T$48*(8)+'LINEST VARS'!$S$48*(8)+'LINEST VARS'!$R$48*($BH$8)+'LINEST VARS'!$Q$48*($AZ9)+'LINEST VARS'!$P$48*(12.73)+'LINEST VARS'!$O$48*(8^2)+'LINEST VARS'!$N$48*(8^2)+'LINEST VARS'!$M$48*($BH$8^2)+'LINEST VARS'!$L$48*($AZ9^2)+'LINEST VARS'!$K$48*(12.73^2)+'LINEST VARS'!$J$48*(8*8)+'LINEST VARS'!$I$48*(8*$BH$8)+'LINEST VARS'!$H$48*(8*$AZ9)+'LINEST VARS'!$G$48*(8*12.73)+'LINEST VARS'!$F$48*(8*$BH$8)+'LINEST VARS'!$E$48*(8*$AZ9)+'LINEST VARS'!$D$48*(8*12.73)+'LINEST VARS'!$C$48*($BH$8*$AZ9)+'LINEST VARS'!$B$48*($BH$8*12.73)+'LINEST VARS'!$A$48*($AZ9*12.73) -> 370 | BI9: ='LINEST VARS'!$U$48+'LINEST VARS'!$T$48*(8)+'LINEST VARS'!$S$48*(8)+'LINEST VARS'!$R$48*($BI$8)+'LINEST VARS'!$Q$48*($AZ9)+'LINEST VARS'!$P$48*(12.73)+'LINEST VARS'!$O$48*(8^2)+'LINEST VARS'!$N$48*(8^2)+'LINEST VARS'!$M$48*($BI$8^2)+'LINEST VARS'!$L$48*($AZ9^2)+'LINEST VARS'!$K$48*(12.73^2)+'LINEST VARS'!$J$48*(8*8)+'LINEST VARS'!$I$48*(8*$BI$8)+'LINEST VARS'!$H$48*(8*$AZ9)+'LINEST VARS'!$G$48*(8*12.73)+'LINEST VARS'!$F$48*(8*$BI$8)+'LINEST VARS'!$E$48*(8*$AZ9)+'LINEST VARS'!$D$48*(8*12.73)+'LINEST VARS'!$C$48*($BI$8*$AZ9)+'LINEST VARS'!$B$48*($BI$8*12.73)+'LINEST VARS'!$A$48*($AZ9*12.73) -> 370 | BJ9: ='LINEST VARS'!$U$48+'LINEST VARS'!$T$48*(8)+'LINEST VARS'!$S$48*(8)+'LINEST VARS'!$R$48*($BJ$8)+'LINEST VARS'!$Q$48*($AZ9)+'LINEST VARS'!$P$48*(12.73)+'LINEST VARS'!$O$48*(8^2)+'LINEST VARS'!$N$48*(8^2)+'LINEST VARS'!$M$48*($BJ$8^2)+'LINEST VARS'!$L$48*($AZ9^2)+'LINEST VARS'!$K$48*(12.73^2)+'LINEST VARS'!$J$48*(8*8)+'LINEST VARS'!$I$48*(8*$BJ$8)+'LINEST VARS'!$H$48*(8*$AZ9)+'LINEST VARS'!$G$48*(8*12.73)+'LINEST VARS'!$F$48*(8*$BJ$8)+'LINEST VARS'!$E$48*(8*$AZ9)+'LINEST VARS'!$D$48*(8*12.73)+'LINEST VARS'!$C$48*($BJ$8*$AZ9)+'LINEST VARS'!$B$48*($BJ$8*12.73)+'LINEST VARS'!$A$48*($AZ9*12.73) -> 370 | BK9: ='LINEST VARS'!$U$48+'LINEST VARS'!$T$48*(8)+'LINEST VARS'!$S$48*(8)+'LINEST VARS'!$R$48*($BK$8)+'LINEST VARS'!$Q$48*($AZ9)+'LINEST VARS'!$P$48*(12.73)+'LINEST VARS'!$O$48*(8^2)+'LINEST VARS'!$N$48*(8^2)+'LINEST VARS'!$M$48*($BK$8^2)+'LINEST VARS'!$L$48*($AZ9^2)+'LINEST VARS'!$K$48*(12.73^2)+'LINEST VARS'!$J$48*(8*8)+'LINEST VARS'!$I$48*(8*$BK$8)+'LINEST VARS'!$H$48*(8*$AZ9)+'LINEST VARS'!$G$48*(8*12.73)+'LINEST VARS'!$F$48*(8*$BK$8)+'LINEST VARS'!$E$48*(8*$AZ9)+'LINEST VARS'!$D$48*(8*12.73)+'LINEST VARS'!$C$48*($BK$8*$AZ9)+'LINEST VARS'!$B$48*($BK$8*12.73)+'LINEST VARS'!$A$48*($AZ9*12.73) -> 370 | BL9: ='LINEST VARS'!$U$48+'LINEST VARS'!$T$48*(8)+'LINEST VARS'!$S$48*(8)+'LINEST VARS'!$R$48*($BL$8)+'LINEST VARS'!$Q$48*($AZ9)+'LINEST VARS'!$P$48*(12.73)+'LINEST VARS'!$O$48*(8^2)+'LINEST VARS'!$N$48*(8^2)+'LINEST VARS'!$M$48*($BL$8^2)+'LINEST VARS'!$L$48*($AZ9^2)+'LINEST VARS'!$K$48*(12.73^2)+'LINEST VARS'!$J$48*(8*8)+'LINEST VARS'!$I$48*(8*$BL$8)+'LINEST VARS'!$H$48*(8*$AZ9)+'LINEST VARS'!$G$48*(8*12.73)+'LINEST VARS'!$F$48*(8*$BL$8)+'LINEST VARS'!$E$48*(8*$AZ9)+'LINEST VARS'!$D$48*(8*12.73)+'LINEST VARS'!$C$48*($BL$8*$AZ9)+'LINEST VARS'!$B$48*($BL$8*12.73)+'LINEST VARS'!$A$48*($AZ9*12.73) -> 370 | BM9: ='LINEST VARS'!$U$48+'LINEST VARS'!$T$48*(8)+'LINEST VARS'!$S$48*(8)+'LINEST VARS'!$R$48*($BM$8)+'LINEST VARS'!$Q$48*($AZ9)+'LINEST VARS'!$P$48*(12.73)+'LINEST VARS'!$O$48*(8^2)+'LINEST VARS'!$N$48*(8^2)+'LINEST VARS'!$M$48*($BM$8^2)+'LINEST VARS'!$L$48*($AZ9^2)+'LINEST VARS'!$K$48*(12.73^2)+'LINEST VARS'!$J$48*(8*8)+'LINEST VARS'!$I$48*(8*$BM$8)+'LINEST VARS'!$H$48*(8*$AZ9)+'LINEST VARS'!$G$48*(8*12.73)+'LINEST VARS'!$F$48*(8*$BM$8)+'LINEST VARS'!$E$48*(8*$AZ9)+'LINEST VARS'!$D$48*(8*12.73)+'LINEST VARS'!$C$48*($BM$8*$AZ9)+'LINEST VARS'!$B$48*($BM$8*12.73)+'LINEST VARS'!$A$48*($AZ9*12.73) -> 370 | BN9: ='LINEST VARS'!$U$48+'LINEST VARS'!$T$48*(8)+'LINEST VARS'!$S$48*(8)+'LINEST VARS'!$R$48*($BN$8)+'LINEST VARS'!$Q$48*($AZ9)+'LINEST VARS'!$P$48*(12.73)+'LINEST VARS'!$O$48*(8^2)+'LINEST VARS'!$N$48*(8^2)+'LINEST VARS'!$M$48*($BN$8^2)+'LINEST VARS'!$L$48*($AZ9^2)+'LINEST VARS'!$K$48*(12.73^2)+'LINEST VARS'!$J$48*(8*8)+'LINEST VARS'!$I$48*(8*$BN$8)+'LINEST VARS'!$H$48*(8*$AZ9)+'LINEST VARS'!$G$48*(8*12.73)+'LINEST VARS'!$F$48*(8*$BN$8)+'LINEST VARS'!$E$48*(8*$AZ9)+'LINEST VARS'!$D$48*(8*12.73)+'LINEST VARS'!$C$48*($BN$8*$AZ9)+'LINEST VARS'!$B$48*($BN$8*12.73)+'LINEST VARS'!$A$48*($AZ9*12.73) -> 370 | BO9: ='LINEST VARS'!$U$48+'LINEST VARS'!$T$48*(8)+'LINEST VARS'!$S$48*(8)+'LINEST VARS'!$R$48*($BO$8)+'LINEST VARS'!$Q$48*($AZ9)+'LINEST VARS'!$P$48*(12.73)+'LINEST VARS'!$O$48*(8^2)+'LINEST VARS'!$N$48*(8^2)+'LINEST VARS'!$M$48*($BO$8^2)+'LINEST VARS'!$L$48*($AZ9^2)+'LINEST VARS'!$K$48*(12.73^2)+'LINEST VARS'!$J$48*(8*8)+'LINEST VARS'!$I$48*(8*$BO$8)+'LINEST VARS'!$H$48*(8*$AZ9)+'LINEST VARS'!$G$48*(8*12.73)+'LINEST VARS'!$F$48*(8*$BO$8)+'LINEST VARS'!$E$48*(8*$AZ9)+'LINEST VARS'!$D$48*(8*12.73)+'LINEST VARS'!$C$48*($BO$8*$AZ9)+'LINEST VARS'!$B$48*($BO$8*12.73)+'LINEST VARS'!$A$48*($AZ9*12.73) -> 370 | BP9: ='LINEST VARS'!$U$48+'LINEST VARS'!$T$48*(8)+'LINEST VARS'!$S$48*(8)+'LINEST VARS'!$R$48*($BP$8)+'LINEST VARS'!$Q$48*($AZ9)+'LINEST VARS'!$P$48*(12.73)+'LINEST VARS'!$O$48*(8^2)+'LINEST VARS'!$N$48*(8^2)+'LINEST VARS'!$M$48*($BP$8^2)+'LINEST VARS'!$L$48*($AZ9^2)+'LINEST VARS'!$K$48*(12.73^2)+'LINEST VARS'!$J$48*(8*8)+'LINEST VARS'!$I$48*(8*$BP$8)+'LINEST VARS'!$H$48*(8*$AZ9)+'LINEST VARS'!$G$48*(8*12.73)+'LINEST VARS'!$F$48*(8*$BP$8)+'LINEST VARS'!$E$48*(8*$AZ9)+'LINEST VARS'!$D$48*(8*12.73)+'LINEST VARS'!$C$48*($BP$8*$AZ9)+'LINEST VARS'!$B$48*($BP$8*12.73)+'LINEST VARS'!$A$48*($AZ9*12.73) -> 370 | BQ9: ='LINEST VARS'!$U$48+'LINEST VARS'!$T$48*(8)+'LINEST VARS'!$S$48*(8)+'LINEST VARS'!$R$48*($BQ$8)+'LINEST VARS'!$Q$48*($AZ9)+'LINEST VARS'!$P$48*(12.73)+'LINEST VARS'!$O$48*(8^2)+'LINEST VARS'!$N$48*(8^2)+'LINEST VARS'!$M$48*($BQ$8^2)+'LINEST VARS'!$L$48*($AZ9^2)+'LINEST VARS'!$K$48*(12.73^2)+'LINEST VARS'!$J$48*(8*8)+'LINEST VARS'!$I$48*(8*$BQ$8)+'LINEST VARS'!$H$48*(8*$AZ9)+'LINEST VARS'!$G$48*(8*12.73)+'LINEST VARS'!$F$48*(8*$BQ$8)+'LINEST VARS'!$E$48*(8*$AZ9)+'LINEST VARS'!$D$48*(8*12.73)+'LINEST VARS'!$C$48*($BQ$8*$AZ9)+'LINEST VARS'!$B$48*($BQ$8*12.73)+'LINEST VARS'!$A$48*($AZ9*12.73) -> 370 | BR9: ='LINEST VARS'!$U$48+'LINEST VARS'!$T$48*(8)+'LINEST VARS'!$S$48*(8)+'LINEST VARS'!$R$48*($BR$8)+'LINEST VARS'!$Q$48*($AZ9)+'LINEST VARS'!$P$48*(12.73)+'LINEST VARS'!$O$48*(8^2)+'LINEST VARS'!$N$48*(8^2)+'LINEST VARS'!$M$48*($BR$8^2)+'LINEST VARS'!$L$48*($AZ9^2)+'LINEST VARS'!$K$48*(12.73^2)+'LINEST VARS'!$J$48*(8*8)+'LINEST VARS'!$I$48*(8*$BR$8)+'LINEST VARS'!$H$48*(8*$AZ9)+'LINEST VARS'!$G$48*(8*12.73)+'LINEST VARS'!$F$48*(8*$BR$8)+'LINEST VARS'!$E$48*(8*$AZ9)+'LINEST VARS'!$D$48*(8*12.73)+'LINEST VARS'!$C$48*($BR$8*$AZ9)+'LINEST VARS'!$B$48*($BR$8*12.73)+'LINEST VARS'!$A$48*($AZ9*12.73) -> 370 | BS9: ='LINEST VARS'!$U$48+'LINEST VARS'!$T$48*(8)+'LINEST VARS'!$S$48*(8)+'LINEST VARS'!$R$48*($BS$8)+'LINEST VARS'!$Q$48*($AZ9)+'LINEST VARS'!$P$48*(12.73)+'LINEST VARS'!$O$48*(8^2)+'LINEST VARS'!$N$48*(8^2)+'LINEST VARS'!$M$48*($BS$8^2)+'LINEST VARS'!$L$48*($AZ9^2)+'LINEST VARS'!$K$48*(12.73^2)+'LINEST VARS'!$J$48*(8*8)+'LINEST VARS'!$I$48*(8*$BS$8)+'LINEST VARS'!$H$48*(8*$AZ9)+'LINEST VARS'!$G$48*(8*12.73)+'LINEST VARS'!$F$48*(8*$BS$8)+'LINEST VARS'!$E$48*(8*$AZ9)+'LINEST VARS'!$D$48*(8*12.73)+'LINEST VARS'!$C$48*($BS$8*$AZ9)+'LINEST VARS'!$B$48*($BS$8*12.73)+'LINEST VARS'!$A$48*($AZ9*12.73) -> 370 | BT9: ='LINEST VARS'!$U$48+'LINEST VARS'!$T$48*(8)+'LINEST VARS'!$S$48*(8)+'LINEST VARS'!$R$48*($BT$8)+'LINEST VARS'!$Q$48*($AZ9)+'LINEST VARS'!$P$48*(12.73)+'LINEST VARS'!$O$48*(8^2)+'LINEST VARS'!$N$48*(8^2)+'LINEST VARS'!$M$48*($BT$8^2)+'LINEST VARS'!$L$48*($AZ9^2)+'LINEST VARS'!$K$48*(12.73^2)+'LINEST VARS'!$J$48*(8*8)+'LINEST VARS'!$I$48*(8*$BT$8)+'LINEST VARS'!$H$48*(8*$AZ9)+'LINEST VARS'!$G$48*(8*12.73)+'LINEST VARS'!$F$48*(8*$BT$8)+'LINEST VARS'!$E$48*(8*$AZ9)+'LINEST VARS'!$D$48*(8*12.73)+'LINEST VARS'!$C$48*($BT$8*$AZ9)+'LINEST VARS'!$B$48*($BT$8*12.73)+'LINEST VARS'!$A$48*($AZ9*12.73) -> 370 | BU9: ='LINEST VARS'!$U$48+'LINEST VARS'!$T$48*(8)+'LINEST VARS'!$S$48*(8)+'LINEST VARS'!$R$48*($BU$8)+'LINEST VARS'!$Q$48*($AZ9)+'LINEST VARS'!$P$48*(12.73)+'LINEST VARS'!$O$48*(8^2)+'LINEST VARS'!$N$48*(8^2)+'LINEST VARS'!$M$48*($BU$8^2)+'LINEST VARS'!$L$48*($AZ9^2)+'LINEST VARS'!$K$48*(12.73^2)+'LINEST VARS'!$J$48*(8*8)+'LINEST VARS'!$I$48*(8*$BU$8)+'LINEST VARS'!$H$48*(8*$AZ9)+'LINEST VARS'!$G$48*(8*12.73)+'LINEST VARS'!$F$48*(8*$BU$8)+'LINEST VARS'!$E$48*(8*$AZ9)+'LINEST VARS'!$D$48*(8*12.73)+'LINEST VARS'!$C$48*($BU$8*$AZ9)+'LINEST VARS'!$B$48*($BU$8*12.73)+'LINEST VARS'!$A$48*($AZ9*12.73) -> 370 | BX9: 0 | BY9: ='LINEST VARS'!$U$50+'LINEST VARS'!$T$50*(8)+'LINEST VARS'!$S$50*(8)+'LINEST VARS'!$R$50*($BY$8)+'LINEST VARS'!$Q$50*($BX9)+'LINEST VARS'!$P$50*(12.73)+'LINEST VARS'!$O$50*(8^2)+'LINEST VARS'!$N$50*(8^2)+'LINEST VARS'!$M$50*($BY$8^2)+'LINEST VARS'!$L$50*($BX9^2)+'LINEST VARS'!$K$50*(12.73^2)+'LINEST VARS'!$J$50*(8*8)+'LINEST VARS'!$I$50*(8*$BY$8)+'LINEST VARS'!$H$50*(8*$BX9)+'LINEST VARS'!$G$50*(8*12.73)+'LINEST VARS'!$F$50*(8*$BY$8)+'LINEST VARS'!$E$50*(8*$BX9)+'LINEST VARS'!$D$50*(8*12.73)+'LINEST VARS'!$C$50*($BY$8*$BX9)+'LINEST VARS'!$B$50*($BY$8*12.73)+'LINEST VARS'!$A$50*($BX9*12.73) -> 332 | BZ9: ='LINEST VARS'!$U$50+'LINEST VARS'!$T$50*(8)+'LINEST VARS'!$S$50*(8)+'LINEST VARS'!$R$50*($BZ$8)+'LINEST VARS'!$Q$50*($BX9)+'LINEST VARS'!$P$50*(12.73)+'LINEST VARS'!$O$50*(8^2)+'LINEST VARS'!$N$50*(8^2)+'LINEST VARS'!$M$50*($BZ$8^2)+'LINEST VARS'!$L$50*($BX9^2)+'LINEST VARS'!$K$50*(12.73^2)+'LINEST VARS'!$J$50*(8*8)+'LINEST VARS'!$I$50*(8*$BZ$8)+'LINEST VARS'!$H$50*(8*$BX9)+'LINEST VARS'!$G$50*(8*12.73)+'LINEST VARS'!$F$50*(8*$BZ$8)+'LINEST VARS'!$E$50*(8*$BX9)+'LINEST VARS'!$D$50*(8*12.73)+'LINEST VARS'!$C$50*($BZ$8*$BX9)+'LINEST VARS'!$B$50*($BZ$8*12.73)+'LINEST VARS'!$A$50*($BX9*12.73) -> 332 | CA9: ='LINEST VARS'!$U$50+'LINEST VARS'!$T$50*(8)+'LINEST VARS'!$S$50*(8)+'LINEST VARS'!$R$50*($CA$8)+'LINEST VARS'!$Q$50*($BX9)+'LINEST VARS'!$P$50*(12.73)+'LINEST VARS'!$O$50*(8^2)+'LINEST VARS'!$N$50*(8^2)+'LINEST VARS'!$M$50*($CA$8^2)+'LINEST VARS'!$L$50*($BX9^2)+'LINEST VARS'!$K$50*(12.73^2)+'LINEST VARS'!$J$50*(8*8)+'LINEST VARS'!$I$50*(8*$CA$8)+'LINEST VARS'!$H$50*(8*$BX9)+'LINEST VARS'!$G$50*(8*12.73)+'LINEST VARS'!$F$50*(8*$CA$8)+'LINEST VARS'!$E$50*(8*$BX9)+'LINEST VARS'!$D$50*(8*12.73)+'LINEST VARS'!$C$50*($CA$8*$BX9)+'LINEST VARS'!$B$50*($CA$8*12.73)+'LINEST VARS'!$A$50*($BX9*12.73) -> 332 | CB9: ='LINEST VARS'!$U$50+'LINEST VARS'!$T$50*(8)+'LINEST VARS'!$S$50*(8)+'LINEST VARS'!$R$50*($CB$8)+'LINEST VARS'!$Q$50*($BX9)+'LINEST VARS'!$P$50*(12.73)+'LINEST VARS'!$O$50*(8^2)+'LINEST VARS'!$N$50*(8^2)+'LINEST VARS'!$M$50*($CB$8^2)+'LINEST VARS'!$L$50*($BX9^2)+'LINEST VARS'!$K$50*(12.73^2)+'LINEST VARS'!$J$50*(8*8)+'LINEST VARS'!$I$50*(8*$CB$8)+'LINEST VARS'!$H$50*(8*$BX9)+'LINEST VARS'!$G$50*(8*12.73)+'LINEST VARS'!$F$50*(8*$CB$8)+'LINEST VARS'!$E$50*(8*$BX9)+'LINEST VARS'!$D$50*(8*12.73)+'LINEST VARS'!$C$50*($CB$8*$BX9)+'LINEST VARS'!$B$50*($CB$8*12.73)+'LINEST VARS'!$A$50*($BX9*12.73) -> 332 | CC9: ='LINEST VARS'!$U$50+'LINEST VARS'!$T$50*(8)+'LINEST VARS'!$S$50*(8)+'LINEST VARS'!$R$50*($CC$8)+'LINEST VARS'!$Q$50*($BX9)+'LINEST VARS'!$P$50*(12.73)+'LINEST VARS'!$O$50*(8^2)+'LINEST VARS'!$N$50*(8^2)+'LINEST VARS'!$M$50*($CC$8^2)+'LINEST VARS'!$L$50*($BX9^2)+'LINEST VARS'!$K$50*(12.73^2)+'LINEST VARS'!$J$50*(8*8)+'LINEST VARS'!$I$50*(8*$CC$8)+'LINEST VARS'!$H$50*(8*$BX9)+'LINEST VARS'!$G$50*(8*12.73)+'LINEST VARS'!$F$50*(8*$CC$8)+'LINEST VARS'!$E$50*(8*$BX9)+'LINEST VARS'!$D$50*(8*12.73)+'LINEST VARS'!$C$50*($CC$8*$BX9)+'LINEST VARS'!$B$50*($CC$8*12.73)+'LINEST VARS'!$A$50*($BX9*12.73) -> 332 | CD9: ='LINEST VARS'!$U$50+'LINEST VARS'!$T$50*(8)+'LINEST VARS'!$S$50*(8)+'LINEST VARS'!$R$50*($CD$8)+'LINEST VARS'!$Q$50*($BX9)+'LINEST VARS'!$P$50*(12.73)+'LINEST VARS'!$O$50*(8^2)+'LINEST VARS'!$N$50*(8^2)+'LINEST VARS'!$M$50*($CD$8^2)+'LINEST VARS'!$L$50*($BX9^2)+'LINEST VARS'!$K$50*(12.73^2)+'LINEST VARS'!$J$50*(8*8)+'LINEST VARS'!$I$50*(8*$CD$8)+'LINEST VARS'!$H$50*(8*$BX9)+'LINEST VARS'!$G$50*(8*12.73)+'LINEST VARS'!$F$50*(8*$CD$8)+'LINEST VARS'!$E$50*(8*$BX9)+'LINEST VARS'!$D$50*(8*12.73)+'LINEST VARS'!$C$50*($CD$8*$BX9)+'LINEST VARS'!$B$50*($CD$8*12.73)+'LINEST VARS'!$A$50*($BX9*12.73) -> 332 | CE9: ='LINEST VARS'!$U$50+'LINEST VARS'!$T$50*(8)+'LINEST VARS'!$S$50*(8)+'LINEST VARS'!$R$50*($CE$8)+'LINEST VARS'!$Q$50*($BX9)+'LINEST VARS'!$P$50*(12.73)+'LINEST VARS'!$O$50*(8^2)+'LINEST VARS'!$N$50*(8^2)+'LINEST VARS'!$M$50*($CE$8^2)+'LINEST VARS'!$L$50*($BX9^2)+'LINEST VARS'!$K$50*(12.73^2)+'LINEST VARS'!$J$50*(8*8)+'LINEST VARS'!$I$50*(8*$CE$8)+'LINEST VARS'!$H$50*(8*$BX9)+'LINEST VARS'!$G$50*(8*12.73)+'LINEST VARS'!$F$50*(8*$CE$8)+'LINEST VARS'!$E$50*(8*$BX9)+'LINEST VARS'!$D$50*(8*12.73)+'LINEST VARS'!$C$50*($CE$8*$BX9)+'LINEST VARS'!$B$50*($CE$8*12.73)+'LINEST VARS'!$A$50*($BX9*12.73) -> 332 | CF9: ='LINEST VARS'!$U$50+'LINEST VARS'!$T$50*(8)+'LINEST VARS'!$S$50*(8)+'LINEST VARS'!$R$50*($CF$8)+'LINEST VARS'!$Q$50*($BX9)+'LINEST VARS'!$P$50*(12.73)+'LINEST VARS'!$O$50*(8^2)+'LINEST VARS'!$N$50*(8^2)+'LINEST VARS'!$M$50*($CF$8^2)+'LINEST VARS'!$L$50*($BX9^2)+'LINEST VARS'!$K$50*(12.73^2)+'LINEST VARS'!$J$50*(8*8)+'LINEST VARS'!$I$50*(8*$CF$8)+'LINEST VARS'!$H$50*(8*$BX9)+'LINEST VARS'!$G$50*(8*12.73)+'LINEST VARS'!$F$50*(8*$CF$8)+'LINEST VARS'!$E$50*(8*$BX9)+'LINEST VARS'!$D$50*(8*12.73)+'LINEST VARS'!$C$50*($CF$8*$BX9)+'LINEST VARS'!$B$50*($CF$8*12.73)+'LINEST VARS'!$A$50*($BX9*12.73) -> 332 | CG9: ='LINEST VARS'!$U$50+'LINEST VARS'!$T$50*(8)+'LINEST VARS'!$S$50*(8)+'LINEST VARS'!$R$50*($CG$8)+'LINEST VARS'!$Q$50*($BX9)+'LINEST VARS'!$P$50*(12.73)+'LINEST VARS'!$O$50*(8^2)+'LINEST VARS'!$N$50*(8^2)+'LINEST VARS'!$M$50*($CG$8^2)+'LINEST VARS'!$L$50*($BX9^2)+'LINEST VARS'!$K$50*(12.73^2)+'LINEST VARS'!$J$50*(8*8)+'LINEST VARS'!$I$50*(8*$CG$8)+'LINEST VARS'!$H$50*(8*$BX9)+'LINEST VARS'!$G$50*(8*12.73)+'LINEST VARS'!$F$50*(8*$CG$8)+'LINEST VARS'!$E$50*(8*$BX9)+'LINEST VARS'!$D$50*(8*12.73)+'LINEST VARS'!$C$50*($CG$8*$BX9)+'LINEST VARS'!$B$50*($CG$8*12.73)+'LINEST VARS'!$A$50*($BX9*12.73) -> 332 | CH9: ='LINEST VARS'!$U$50+'LINEST VARS'!$T$50*(8)+'LINEST VARS'!$S$50*(8)+'LINEST VARS'!$R$50*($CH$8)+'LINEST VARS'!$Q$50*($BX9)+'LINEST VARS'!$P$50*(12.73)+'LINEST VARS'!$O$50*(8^2)+'LINEST VARS'!$N$50*(8^2)+'LINEST VARS'!$M$50*($CH$8^2)+'LINEST VARS'!$L$50*($BX9^2)+'LINEST VARS'!$K$50*(12.73^2)+'LINEST VARS'!$J$50*(8*8)+'LINEST VARS'!$I$50*(8*$CH$8)+'LINEST VARS'!$H$50*(8*$BX9)+'LINEST VARS'!$G$50*(8*12.73)+'LINEST VARS'!$F$50*(8*$CH$8)+'LINEST VARS'!$E$50*(8*$BX9)+'LINEST VARS'!$D$50*(8*12.73)+'LINEST VARS'!$C$50*($CH$8*$BX9)+'LINEST VARS'!$B$50*($CH$8*12.73)+'LINEST VARS'!$A$50*($BX9*12.73) -> 332 | CI9: ='LINEST VARS'!$U$50+'LINEST VARS'!$T$50*(8)+'LINEST VARS'!$S$50*(8)+'LINEST VARS'!$R$50*($CI$8)+'LINEST VARS'!$Q$50*($BX9)+'LINEST VARS'!$P$50*(12.73)+'LINEST VARS'!$O$50*(8^2)+'LINEST VARS'!$N$50*(8^2)+'LINEST VARS'!$M$50*($CI$8^2)+'LINEST VARS'!$L$50*($BX9^2)+'LINEST VARS'!$K$50*(12.73^2)+'LINEST VARS'!$J$50*(8*8)+'LINEST VARS'!$I$50*(8*$CI$8)+'LINEST VARS'!$H$50*(8*$BX9)+'LINEST VARS'!$G$50*(8*12.73)+'LINEST VARS'!$F$50*(8*$CI$8)+'LINEST VARS'!$E$50*(8*$BX9)+'LINEST VARS'!$D$50*(8*12.73)+'LINEST VARS'!$C$50*($CI$8*$BX9)+'LINEST VARS'!$B$50*($CI$8*12.73)+'LINEST VARS'!$A$50*($BX9*12.73) -> 332 | CJ9: ='LINEST VARS'!$U$50+'LINEST VARS'!$T$50*(8)+'LINEST VARS'!$S$50*(8)+'LINEST VARS'!$R$50*($CJ$8)+'LINEST VARS'!$Q$50*($BX9)+'LINEST VARS'!$P$50*(12.73)+'LINEST VARS'!$O$50*(8^2)+'LINEST VARS'!$N$50*(8^2)+'LINEST VARS'!$M$50*($CJ$8^2)+'LINEST VARS'!$L$50*($BX9^2)+'LINEST VARS'!$K$50*(12.73^2)+'LINEST VARS'!$J$50*(8*8)+'LINEST VARS'!$I$50*(8*$CJ$8)+'LINEST VARS'!$H$50*(8*$BX9)+'LINEST VARS'!$G$50*(8*12.73)+'LINEST VARS'!$F$50*(8*$CJ$8)+'LINEST VARS'!$E$50*(8*$BX9)+'LINEST VARS'!$D$50*(8*12.73)+'LINEST VARS'!$C$50*($CJ$8*$BX9)+'LINEST VARS'!$B$50*($CJ$8*12.73)+'LINEST VARS'!$A$50*($BX9*12.73) -> 332 | CK9: ='LINEST VARS'!$U$50+'LINEST VARS'!$T$50*(8)+'LINEST VARS'!$S$50*(8)+'LINEST VARS'!$R$50*($CK$8)+'LINEST VARS'!$Q$50*($BX9)+'LINEST VARS'!$P$50*(12.73)+'LINEST VARS'!$O$50*(8^2)+'LINEST VARS'!$N$50*(8^2)+'LINEST VARS'!$M$50*($CK$8^2)+'LINEST VARS'!$L$50*($BX9^2)+'LINEST VARS'!$K$50*(12.73^2)+'LINEST VARS'!$J$50*(8*8)+'LINEST VARS'!$I$50*(8*$CK$8)+'LINEST VARS'!$H$50*(8*$BX9)+'LINEST VARS'!$G$50*(8*12.73)+'LINEST VARS'!$F$50*(8*$CK$8)+'LINEST VARS'!$E$50*(8*$BX9)+'LINEST VARS'!$D$50*(8*12.73)+'LINEST VARS'!$C$50*($CK$8*$BX9)+'LINEST VARS'!$B$50*($CK$8*12.73)+'LINEST VARS'!$A$50*($BX9*12.73) -> 332 | CL9: ='LINEST VARS'!$U$50+'LINEST VARS'!$T$50*(8)+'LINEST VARS'!$S$50*(8)+'LINEST VARS'!$R$50*($CL$8)+'LINEST VARS'!$Q$50*($BX9)+'LINEST VARS'!$P$50*(12.73)+'LINEST VARS'!$O$50*(8^2)+'LINEST VARS'!$N$50*(8^2)+'LINEST VARS'!$M$50*($CL$8^2)+'LINEST VARS'!$L$50*($BX9^2)+'LINEST VARS'!$K$50*(12.73^2)+'LINEST VARS'!$J$50*(8*8)+'LINEST VARS'!$I$50*(8*$CL$8)+'LINEST VARS'!$H$50*(8*$BX9)+'LINEST VARS'!$G$50*(8*12.73)+'LINEST VARS'!$F$50*(8*$CL$8)+'LINEST VARS'!$E$50*(8*$BX9)+'LINEST VARS'!$D$50*(8*12.73)+'LINEST VARS'!$C$50*($CL$8*$BX9)+'LINEST VARS'!$B$50*($CL$8*12.73)+'LINEST VARS'!$A$50*($BX9*12.73) -> 332 | CM9: ='LINEST VARS'!$U$50+'LINEST VARS'!$T$50*(8)+'LINEST VARS'!$S$50*(8)+'LINEST VARS'!$R$50*($CM$8)+'LINEST VARS'!$Q$50*($BX9)+'LINEST VARS'!$P$50*(12.73)+'LINEST VARS'!$O$50*(8^2)+'LINEST VARS'!$N$50*(8^2)+'LINEST VARS'!$M$50*($CM$8^2)+'LINEST VARS'!$L$50*($BX9^2)+'LINEST VARS'!$K$50*(12.73^2)+'LINEST VARS'!$J$50*(8*8)+'LINEST VARS'!$I$50*(8*$CM$8)+'LINEST VARS'!$H$50*(8*$BX9)+'LINEST VARS'!$G$50*(8*12.73)+'LINEST VARS'!$F$50*(8*$CM$8)+'LINEST VARS'!$E$50*(8*$BX9)+'LINEST VARS'!$D$50*(8*12.73)+'LINEST VARS'!$C$50*($CM$8*$BX9)+'LINEST VARS'!$B$50*($CM$8*12.73)+'LINEST VARS'!$A$50*($BX9*12.73) -> 332 | CN9: ='LINEST VARS'!$U$50+'LINEST VARS'!$T$50*(8)+'LINEST VARS'!$S$50*(8)+'LINEST VARS'!$R$50*($CN$8)+'LINEST VARS'!$Q$50*($BX9)+'LINEST VARS'!$P$50*(12.73)+'LINEST VARS'!$O$50*(8^2)+'LINEST VARS'!$N$50*(8^2)+'LINEST VARS'!$M$50*($CN$8^2)+'LINEST VARS'!$L$50*($BX9^2)+'LINEST VARS'!$K$50*(12.73^2)+'LINEST VARS'!$J$50*(8*8)+'LINEST VARS'!$I$50*(8*$CN$8)+'LINEST VARS'!$H$50*(8*$BX9)+'LINEST VARS'!$G$50*(8*12.73)+'LINEST VARS'!$F$50*(8*$CN$8)+'LINEST VARS'!$E$50*(8*$BX9)+'LINEST VARS'!$D$50*(8*12.73)+'LINEST VARS'!$C$50*($CN$8*$BX9)+'LINEST VARS'!$B$50*($CN$8*12.73)+'LINEST VARS'!$A$50*($BX9*12.73) -> 332 | CO9: ='LINEST VARS'!$U$50+'LINEST VARS'!$T$50*(8)+'LINEST VARS'!$S$50*(8)+'LINEST VARS'!$R$50*($CO$8)+'LINEST VARS'!$Q$50*($BX9)+'LINEST VARS'!$P$50*(12.73)+'LINEST VARS'!$O$50*(8^2)+'LINEST VARS'!$N$50*(8^2)+'LINEST VARS'!$M$50*($CO$8^2)+'LINEST VARS'!$L$50*($BX9^2)+'LINEST VARS'!$K$50*(12.73^2)+'LINEST VARS'!$J$50*(8*8)+'LINEST VARS'!$I$50*(8*$CO$8)+'LINEST VARS'!$H$50*(8*$BX9)+'LINEST VARS'!$G$50*(8*12.73)+'LINEST VARS'!$F$50*(8*$CO$8)+'LINEST VARS'!$E$50*(8*$BX9)+'LINEST VARS'!$D$50*(8*12.73)+'LINEST VARS'!$C$50*($CO$8*$BX9)+'LINEST VARS'!$B$50*($CO$8*12.73)+'LINEST VARS'!$A$50*($BX9*12.73) -> 332 | CP9: ='LINEST VARS'!$U$50+'LINEST VARS'!$T$50*(8)+'LINEST VARS'!$S$50*(8)+'LINEST VARS'!$R$50*($CP$8)+'LINEST VARS'!$Q$50*($BX9)+'LINEST VARS'!$P$50*(12.73)+'LINEST VARS'!$O$50*(8^2)+'LINEST VARS'!$N$50*(8^2)+'LINEST VARS'!$M$50*($CP$8^2)+'LINEST VARS'!$L$50*($BX9^2)+'LINEST VARS'!$K$50*(12.73^2)+'LINEST VARS'!$J$50*(8*8)+'LINEST VARS'!$I$50*(8*$CP$8)+'LINEST VARS'!$H$50*(8*$BX9)+'LINEST VARS'!$G$50*(8*12.73)+'LINEST VARS'!$F$50*(8*$CP$8)+'LINEST VARS'!$E$50*(8*$BX9)+'LINEST VARS'!$D$50*(8*12.73)+'LINEST VARS'!$C$50*($CP$8*$BX9)+'LINEST VARS'!$B$50*($CP$8*12.73)+'LINEST VARS'!$A$50*($BX9*12.73) -> 332 | CQ9: ='LINEST VARS'!$U$50+'LINEST VARS'!$T$50*(8)+'LINEST VARS'!$S$50*(8)+'LINEST VARS'!$R$50*($CQ$8)+'LINEST VARS'!$Q$50*($BX9)+'LINEST VARS'!$P$50*(12.73)+'LINEST VARS'!$O$50*(8^2)+'LINEST VARS'!$N$50*(8^2)+'LINEST VARS'!$M$50*($CQ$8^2)+'LINEST VARS'!$L$50*($BX9^2)+'LINEST VARS'!$K$50*(12.73^2)+'LINEST VARS'!$J$50*(8*8)+'LINEST VARS'!$I$50*(8*$CQ$8)+'LINEST VARS'!$H$50*(8*$BX9)+'LINEST VARS'!$G$50*(8*12.73)+'LINEST VARS'!$F$50*(8*$CQ$8)+'LINEST VARS'!$E$50*(8*$BX9)+'LINEST VARS'!$D$50*(8*12.73)+'LINEST VARS'!$C$50*($CQ$8*$BX9)+'LINEST VARS'!$B$50*($CQ$8*12.73)+'LINEST VARS'!$A$50*($BX9*12.73) -> 332 | CR9: ='LINEST VARS'!$U$50+'LINEST VARS'!$T$50*(8)+'LINEST VARS'!$S$50*(8)+'LINEST VARS'!$R$50*($CR$8)+'LINEST VARS'!$Q$50*($BX9)+'LINEST VARS'!$P$50*(12.73)+'LINEST VARS'!$O$50*(8^2)+'LINEST VARS'!$N$50*(8^2)+'LINEST VARS'!$M$50*($CR$8^2)+'LINEST VARS'!$L$50*($BX9^2)+'LINEST VARS'!$K$50*(12.73^2)+'LINEST VARS'!$J$50*(8*8)+'LINEST VARS'!$I$50*(8*$CR$8)+'LINEST VARS'!$H$50*(8*$BX9)+'LINEST VARS'!$G$50*(8*12.73)+'LINEST VARS'!$F$50*(8*$CR$8)+'LINEST VARS'!$E$50*(8*$BX9)+'LINEST VARS'!$D$50*(8*12.73)+'LINEST VARS'!$C$50*($CR$8*$BX9)+'LINEST VARS'!$B$50*($CR$8*12.73)+'LINEST VARS'!$A$50*($BX9*12.73) -> 332 | CS9: ='LINEST VARS'!$U$50+'LINEST VARS'!$T$50*(8)+'LINEST VARS'!$S$50*(8)+'LINEST VARS'!$R$50*($CS$8)+'LINEST VARS'!$Q$50*($BX9)+'LINEST VARS'!$P$50*(12.73)+'LINEST VARS'!$O$50*(8^2)+'LINEST VARS'!$N$50*(8^2)+'LINEST VARS'!$M$50*($CS$8^2)+'LINEST VARS'!$L$50*($BX9^2)+'LINEST VARS'!$K$50*(12.73^2)+'LINEST VARS'!$J$50*(8*8)+'LINEST VARS'!$I$50*(8*$CS$8)+'LINEST VARS'!$H$50*(8*$BX9)+'LINEST VARS'!$G$50*(8*12.73)+'LINEST VARS'!$F$50*(8*$CS$8)+'LINEST VARS'!$E$50*(8*$BX9)+'LINEST VARS'!$D$50*(8*12.73)+'LINEST VARS'!$C$50*($CS$8*$BX9)+'LINEST VARS'!$B$50*($CS$8*12.73)+'LINEST VARS'!$A$50*($BX9*12.73) -> 332 | CX9: 0 | CY9: ='LINEST VARS'!$U$48+'LINEST VARS'!$T$48*(8)+'LINEST VARS'!$S$48*(8)+'LINEST VARS'!$R$48*($CY$8)+'LINEST VARS'!$Q$48*(0.5)+'LINEST VARS'!$P$48*($CX9)+'LINEST VARS'!$O$48*(8^2)+'LINEST VARS'!$N$48*(8^2)+'LINEST VARS'!$M$48*($CY$8^2)+'LINEST VARS'!$L$48*(0.5^2)+'LINEST VARS'!$K$48*($CX9^2)+'LINEST VARS'!$J$48*(8*8)+'LINEST VARS'!$I$48*(8*$CY$8)+'LINEST VARS'!$H$48*(8*0.5)+'LINEST VARS'!$G$48*(8*$CX9)+'LINEST VARS'!$F$48*(8*$CY$8)+'LINEST VARS'!$E$48*(8*0.5)+'LINEST VARS'!$D$48*(8*$CX9)+'LINEST VARS'!$C$48*($CY$8*0.5)+'LINEST VARS'!$B$48*($CY$8*$CX9)+'LINEST VARS'!$A$48*(0.5*$CX9) -> 370 | CZ9: ='LINEST VARS'!$U$48+'LINEST VARS'!$T$48*(8)+'LINEST VARS'!$S$48*(8)+'LINEST VARS'!$R$48*($CZ$8)+'LINEST VARS'!$Q$48*(0.5)+'LINEST VARS'!$P$48*($CX9)+'LINEST VARS'!$O$48*(8^2)+'LINEST VARS'!$N$48*(8^2)+'LINEST VARS'!$M$48*($CZ$8^2)+'LINEST VARS'!$L$48*(0.5^2)+'LINEST VARS'!$K$48*($CX9^2)+'LINEST VARS'!$J$48*(8*8)+'LINEST VARS'!$I$48*(8*$CZ$8)+'LINEST VARS'!$H$48*(8*0.5)+'LINEST VARS'!$G$48*(8*$CX9)+'LINEST VARS'!$F$48*(8*$CZ$8)+'LINEST VARS'!$E$48*(8*0.5)+'LINEST VARS'!$D$48*(8*$CX9)+'LINEST VARS'!$C$48*($CZ$8*0.5)+'LINEST VARS'!$B$48*($CZ$8*$CX9)+'LINEST VARS'!$A$48*(0.5*$CX9) -> 370 | DA9: ='LINEST VARS'!$U$48+'LINEST VARS'!$T$48*(8)+'LINEST VARS'!$S$48*(8)+'LINEST VARS'!$R$48*($DA$8)+'LINEST VARS'!$Q$48*(0.5)+'LINEST VARS'!$P$48*($CX9)+'LINEST VARS'!$O$48*(8^2)+'LINEST VARS'!$N$48*(8^2)+'LINEST VARS'!$M$48*($DA$8^2)+'LINEST VARS'!$L$48*(0.5^2)+'LINEST VARS'!$K$48*($CX9^2)+'LINEST VARS'!$J$48*(8*8)+'LINEST VARS'!$I$48*(8*$DA$8)+'LINEST VARS'!$H$48*(8*0.5)+'LINEST VARS'!$G$48*(8*$CX9)+'LINEST VARS'!$F$48*(8*$DA$8)+'LINEST VARS'!$E$48*(8*0.5)+'LINEST VARS'!$D$48*(8*$CX9)+'LINEST VARS'!$C$48*($DA$8*0.5)+'LINEST VARS'!$B$48*($DA$8*$CX9)+'LINEST VARS'!$A$48*(0.5*$CX9) -> 370 | DB9: ='LINEST VARS'!$U$48+'LINEST VARS'!$T$48*(8)+'LINEST VARS'!$S$48*(8)+'LINEST VARS'!$R$48*($DB$8)+'LINEST VARS'!$Q$48*(0.5)+'LINEST VARS'!$P$48*($CX9)+'LINEST VARS'!$O$48*(8^2)+'LINEST VARS'!$N$48*(8^2)+'LINEST VARS'!$M$48*($DB$8^2)+'LINEST VARS'!$L$48*(0.5^2)+'LINEST VARS'!$K$48*($CX9^2)+'LINEST VARS'!$J$48*(8*8)+'LINEST VARS'!$I$48*(8*$DB$8)+'LINEST VARS'!$H$48*(8*0.5)+'LINEST VARS'!$G$48*(8*$CX9)+'LINEST VARS'!$F$48*(8*$DB$8)+'LINEST VARS'!$E$48*(8*0.5)+'LINEST VARS'!$D$48*(8*$CX9)+'LINEST VARS'!$C$48*($DB$8*0.5)+'LINEST VARS'!$B$48*($DB$8*$CX9)+'LINEST VARS'!$A$48*(0.5*$CX9) -> 370 | DC9: ='LINEST VARS'!$U$48+'LINEST VARS'!$T$48*(8)+'LINEST VARS'!$S$48*(8)+'LINEST VARS'!$R$48*($DC$8)+'LINEST VARS'!$Q$48*(0.5)+'LINEST VARS'!$P$48*($CX9)+'LINEST VARS'!$O$48*(8^2)+'LINEST VARS'!$N$48*(8^2)+'LINEST VARS'!$M$48*($DC$8^2)+'LINEST VARS'!$L$48*(0.5^2)+'LINEST VARS'!$K$48*($CX9^2)+'LINEST VARS'!$J$48*(8*8)+'LINEST VARS'!$I$48*(8*$DC$8)+'LINEST VARS'!$H$48*(8*0.5)+'LINEST VARS'!$G$48*(8*$CX9)+'LINEST VARS'!$F$48*(8*$DC$8)+'LINEST VARS'!$E$48*(8*0.5)+'LINEST VARS'!$D$48*(8*$CX9)+'LINEST VARS'!$C$48*($DC$8*0.5)+'LINEST VARS'!$B$48*($DC$8*$CX9)+'LINEST VARS'!$A$48*(0.5*$CX9) -> 370 | DD9: ='LINEST VARS'!$U$48+'LINEST VARS'!$T$48*(8)+'LINEST VARS'!$S$48*(8)+'LINEST VARS'!$R$48*($DD$8)+'LINEST VARS'!$Q$48*(0.5)+'LINEST VARS'!$P$48*($CX9)+'LINEST VARS'!$O$48*(8^2)+'LINEST VARS'!$N$48*(8^2)+'LINEST VARS'!$M$48*($DD$8^2)+'LINEST VARS'!$L$48*(0.5^2)+'LINEST VARS'!$K$48*($CX9^2)+'LINEST VARS'!$J$48*(8*8)+'LINEST VARS'!$I$48*(8*$DD$8)+'LINEST VARS'!$H$48*(8*0.5)+'LINEST VARS'!$G$48*(8*$CX9)+'LINEST VARS'!$F$48*(8*$DD$8)+'LINEST VARS'!$E$48*(8*0.5)+'LINEST VARS'!$D$48*(8*$CX9)+'LINEST VARS'!$C$48*($DD$8*0.5)+'LINEST VARS'!$B$48*($DD$8*$CX9)+'LINEST VARS'!$A$48*(0.5*$CX9) -> 370 | DE9: ='LINEST VARS'!$U$48+'LINEST VARS'!$T$48*(8)+'LINEST VARS'!$S$48*(8)+'LINEST VARS'!$R$48*($DE$8)+'LINEST VARS'!$Q$48*(0.5)+'LINEST VARS'!$P$48*($CX9)+'LINEST VARS'!$O$48*(8^2)+'LINEST VARS'!$N$48*(8^2)+'LINEST VARS'!$M$48*($DE$8^2)+'LINEST VARS'!$L$48*(0.5^2)+'LINEST VARS'!$K$48*($CX9^2)+'LINEST VARS'!$J$48*(8*8)+'LINEST VARS'!$I$48*(8*$DE$8)+'LINEST VARS'!$H$48*(8*0.5)+'LINEST VARS'!$G$48*(8*$CX9)+'LINEST VARS'!$F$48*(8*$DE$8)+'LINEST VARS'!$E$48*(8*0.5)+'LINEST VARS'!$D$48*(8*$CX9)+'LINEST VARS'!$C$48*($DE$8*0.5)+'LINEST VARS'!$B$48*($DE$8*$CX9)+'LINEST VARS'!$A$48*(0.5*$CX9) -> 370 | DF9: ='LINEST VARS'!$U$48+'LINEST VARS'!$T$48*(8)+'LINEST VARS'!$S$48*(8)+'LINEST VARS'!$R$48*($DF$8)+'LINEST VARS'!$Q$48*(0.5)+'LINEST VARS'!$P$48*($CX9)+'LINEST VARS'!$O$48*(8^2)+'LINEST VARS'!$N$48*(8^2)+'LINEST VARS'!$M$48*($DF$8^2)+'LINEST VARS'!$L$48*(0.5^2)+'LINEST VARS'!$K$48*($CX9^2)+'LINEST VARS'!$J$48*(8*8)+'LINEST VARS'!$I$48*(8*$DF$8)+'LINEST VARS'!$H$48*(8*0.5)+'LINEST VARS'!$G$48*(8*$CX9)+'LINEST VARS'!$F$48*(8*$DF$8)+'LINEST VARS'!$E$48*(8*0.5)+'LINEST VARS'!$D$48*(8*$CX9)+'LINEST VARS'!$C$48*($DF$8*0.5)+'LINEST VARS'!$B$48*($DF$8*$CX9)+'LINEST VARS'!$A$48*(0.5*$CX9) -> 370 | DG9: ='LINEST VARS'!$U$48+'LINEST VARS'!$T$48*(8)+'LINEST VARS'!$S$48*(8)+'LINEST VARS'!$R$48*($DG$8)+'LINEST VARS'!$Q$48*(0.5)+'LINEST VARS'!$P$48*($CX9)+'LINEST VARS'!$O$48*(8^2)+'LINEST VARS'!$N$48*(8^2)+'LINEST VARS'!$M$48*($DG$8^2)+'LINEST VARS'!$L$48*(0.5^2)+'LINEST VARS'!$K$48*($CX9^2)+'LINEST VARS'!$J$48*(8*8)+'LINEST VARS'!$I$48*(8*$DG$8)+'LINEST VARS'!$H$48*(8*0.5)+'LINEST VARS'!$G$48*(8*$CX9)+'LINEST VARS'!$F$48*(8*$DG$8)+'LINEST VARS'!$E$48*(8*0.5)+'LINEST VARS'!$D$48*(8*$CX9)+'LINEST VARS'!$C$48*($DG$8*0.5)+'LINEST VARS'!$B$48*($DG$8*$CX9)+'LINEST VARS'!$A$48*(0.5*$CX9) -> 370 | DH9: ='LINEST VARS'!$U$48+'LINEST VARS'!$T$48*(8)+'LINEST VARS'!$S$48*(8)+'LINEST VARS'!$R$48*($DH$8)+'LINEST VARS'!$Q$48*(0.5)+'LINEST VARS'!$P$48*($CX9)+'LINEST VARS'!$O$48*(8^2)+'LINEST VARS'!$N$48*(8^2)+'LINEST VARS'!$M$48*($DH$8^2)+'LINEST VARS'!$L$48*(0.5^2)+'LINEST VARS'!$K$48*($CX9^2)+'LINEST VARS'!$J$48*(8*8)+'LINEST VARS'!$I$48*(8*$DH$8)+'LINEST VARS'!$H$48*(8*0.5)+'LINEST VARS'!$G$48*(8*$CX9)+'LINEST VARS'!$F$48*(8*$DH$8)+'LINEST VARS'!$E$48*(8*0.5)+'LINEST VARS'!$D$48*(8*$CX9)+'LINEST VARS'!$C$48*($DH$8*0.5)+'LINEST VARS'!$B$48*($DH$8*$CX9)+'LINEST VARS'!$A$48*(0.5*$CX9) -> 370 | DI9: ='LINEST VARS'!$U$48+'LINEST VARS'!$T$48*(8)+'LINEST VARS'!$S$48*(8)+'LINEST VARS'!$R$48*($DI$8)+'LINEST VARS'!$Q$48*(0.5)+'LINEST VARS'!$P$48*($CX9)+'LINEST VARS'!$O$48*(8^2)+'LINEST VARS'!$N$48*(8^2)+'LINEST VARS'!$M$48*($DI$8^2)+'LINEST VARS'!$L$48*(0.5^2)+'LINEST VARS'!$K$48*($CX9^2)+'LINEST VARS'!$J$48*(8*8)+'LINEST VARS'!$I$48*(8*$DI$8)+'LINEST VARS'!$H$48*(8*0.5)+'LINEST VARS'!$G$48*(8*$CX9)+'LINEST VARS'!$F$48*(8*$DI$8)+'LINEST VARS'!$E$48*(8*0.5)+'LINEST VARS'!$D$48*(8*$CX9)+'LINEST VARS'!$C$48*($DI$8*0.5)+'LINEST VARS'!$B$48*($DI$8*$CX9)+'LINEST VARS'!$A$48*(0.5*$CX9) -> 370 | DJ9: ='LINEST VARS'!$U$48+'LINEST VARS'!$T$48*(8)+'LINEST VARS'!$S$48*(8)+'LINEST VARS'!$R$48*($DJ$8)+'LINEST VARS'!$Q$48*(0.5)+'LINEST VARS'!$P$48*($CX9)+'LINEST VARS'!$O$48*(8^2)+'LINEST VARS'!$N$48*(8^2)+'LINEST VARS'!$M$48*($DJ$8^2)+'LINEST VARS'!$L$48*(0.5^2)+'LINEST VARS'!$K$48*($CX9^2)+'LINEST VARS'!$J$48*(8*8)+'LINEST VARS'!$I$48*(8*$DJ$8)+'LINEST VARS'!$H$48*(8*0.5)+'LINEST VARS'!$G$48*(8*$CX9)+'LINEST VARS'!$F$48*(8*$DJ$8)+'LINEST VARS'!$E$48*(8*0.5)+'LINEST VARS'!$D$48*(8*$CX9)+'LINEST VARS'!$C$48*($DJ$8*0.5)+'LINEST VARS'!$B$48*($DJ$8*$CX9)+'LINEST VARS'!$A$48*(0.5*$CX9) -> 370 | DK9: ='LINEST VARS'!$U$48+'LINEST VARS'!$T$48*(8)+'LINEST VARS'!$S$48*(8)+'LINEST VARS'!$R$48*($DK$8)+'LINEST VARS'!$Q$48*(0.5)+'LINEST VARS'!$P$48*($CX9)+'LINEST VARS'!$O$48*(8^2)+'LINEST VARS'!$N$48*(8^2)+'LINEST VARS'!$M$48*($DK$8^2)+'LINEST VARS'!$L$48*(0.5^2)+'LINEST VARS'!$K$48*($CX9^2)+'LINEST VARS'!$J$48*(8*8)+'LINEST VARS'!$I$48*(8*$DK$8)+'LINEST VARS'!$H$48*(8*0.5)+'LINEST VARS'!$G$48*(8*$CX9)+'LINEST VARS'!$F$48*(8*$DK$8)+'LINEST VARS'!$E$48*(8*0.5)+'LINEST VARS'!$D$48*(8*$CX9)+'LINEST VARS'!$C$48*($DK$8*0.5)+'LINEST VARS'!$B$48*($DK$8*$CX9)+'LINEST VARS'!$A$48*(0.5*$CX9) -> 370 | DL9: ='LINEST VARS'!$U$48+'LINEST VARS'!$T$48*(8)+'LINEST VARS'!$S$48*(8)+'LINEST VARS'!$R$48*($DL$8)+'LINEST VARS'!$Q$48*(0.5)+'LINEST VARS'!$P$48*($CX9)+'LINEST VARS'!$O$48*(8^2)+'LINEST VARS'!$N$48*(8^2)+'LINEST VARS'!$M$48*($DL$8^2)+'LINEST VARS'!$L$48*(0.5^2)+'LINEST VARS'!$K$48*($CX9^2)+'LINEST VARS'!$J$48*(8*8)+'LINEST VARS'!$I$48*(8*$DL$8)+'LINEST VARS'!$H$48*(8*0.5)+'LINEST VARS'!$G$48*(8*$CX9)+'LINEST VARS'!$F$48*(8*$DL$8)+'LINEST VARS'!$E$48*(8*0.5)+'LINEST VARS'!$D$48*(8*$CX9)+'LINEST VARS'!$C$48*($DL$8*0.5)+'LINEST VARS'!$B$48*($DL$8*$CX9)+'LINEST VARS'!$A$48*(0.5*$CX9) -> 370 | DM9: ='LINEST VARS'!$U$48+'LINEST VARS'!$T$48*(8)+'LINEST VARS'!$S$48*(8)+'LINEST VARS'!$R$48*($DM$8)+'LINEST VARS'!$Q$48*(0.5)+'LINEST VARS'!$P$48*($CX9)+'LINEST VARS'!$O$48*(8^2)+'LINEST VARS'!$N$48*(8^2)+'LINEST VARS'!$M$48*($DM$8^2)+'LINEST VARS'!$L$48*(0.5^2)+'LINEST VARS'!$K$48*($CX9^2)+'LINEST VARS'!$J$48*(8*8)+'LINEST VARS'!$I$48*(8*$DM$8)+'LINEST VARS'!$H$48*(8*0.5)+'LINEST VARS'!$G$48*(8*$CX9)+'LINEST VARS'!$F$48*(8*$DM$8)+'LINEST VARS'!$E$48*(8*0.5)+'LINEST VARS'!$D$48*(8*$CX9)+'LINEST VARS'!$C$48*($DM$8*0.5)+'LINEST VARS'!$B$48*($DM$8*$CX9)+'LINEST VARS'!$A$48*(0.5*$CX9) -> 370 | DN9: ='LINEST VARS'!$U$48+'LINEST VARS'!$T$48*(8)+'LINEST VARS'!$S$48*(8)+'LINEST VARS'!$R$48*($DN$8)+'LINEST VARS'!$Q$48*(0.5)+'LINEST VARS'!$P$48*($CX9)+'LINEST VARS'!$O$48*(8^2)+'LINEST VARS'!$N$48*(8^2)+'LINEST VARS'!$M$48*($DN$8^2)+'LINEST VARS'!$L$48*(0.5^2)+'LINEST VARS'!$K$48*($CX9^2)+'LINEST VARS'!$J$48*(8*8)+'LINEST VARS'!$I$48*(8*$DN$8)+'LINEST VARS'!$H$48*(8*0.5)+'LINEST VARS'!$G$48*(8*$CX9)+'LINEST VARS'!$F$48*(8*$DN$8)+'LINEST VARS'!$E$48*(8*0.5)+'LINEST VARS'!$D$48*(8*$CX9)+'LINEST VARS'!$C$48*($DN$8*0.5)+'LINEST VARS'!$B$48*($DN$8*$CX9)+'LINEST VARS'!$A$48*(0.5*$CX9) -> 370 | DO9: ='LINEST VARS'!$U$48+'LINEST VARS'!$T$48*(8)+'LINEST VARS'!$S$48*(8)+'LINEST VARS'!$R$48*($DO$8)+'LINEST VARS'!$Q$48*(0.5)+'LINEST VARS'!$P$48*($CX9)+'LINEST VARS'!$O$48*(8^2)+'LINEST VARS'!$N$48*(8^2)+'LINEST VARS'!$M$48*($DO$8^2)+'LINEST VARS'!$L$48*(0.5^2)+'LINEST VARS'!$K$48*($CX9^2)+'LINEST VARS'!$J$48*(8*8)+'LINEST VARS'!$I$48*(8*$DO$8)+'LINEST VARS'!$H$48*(8*0.5)+'LINEST VARS'!$G$48*(8*$CX9)+'LINEST VARS'!$F$48*(8*$DO$8)+'LINEST VARS'!$E$48*(8*0.5)+'LINEST VARS'!$D$48*(8*$CX9)+'LINEST VARS'!$C$48*($DO$8*0.5)+'LINEST VARS'!$B$48*($DO$8*$CX9)+'LINEST VARS'!$A$48*(0.5*$CX9) -> 370 | DP9: ='LINEST VARS'!$U$48+'LINEST VARS'!$T$48*(8)+'LINEST VARS'!$S$48*(8)+'LINEST VARS'!$R$48*($DP$8)+'LINEST VARS'!$Q$48*(0.5)+'LINEST VARS'!$P$48*($CX9)+'LINEST VARS'!$O$48*(8^2)+'LINEST VARS'!$N$48*(8^2)+'LINEST VARS'!$M$48*($DP$8^2)+'LINEST VARS'!$L$48*(0.5^2)+'LINEST VARS'!$K$48*($CX9^2)+'LINEST VARS'!$J$48*(8*8)+'LINEST VARS'!$I$48*(8*$DP$8)+'LINEST VARS'!$H$48*(8*0.5)+'LINEST VARS'!$G$48*(8*$CX9)+'LINEST VARS'!$F$48*(8*$DP$8)+'LINEST VARS'!$E$48*(8*0.5)+'LINEST VARS'!$D$48*(8*$CX9)+'LINEST VARS'!$C$48*($DP$8*0.5)+'LINEST VARS'!$B$48*($DP$8*$CX9)+'LINEST VARS'!$A$48*(0.5*$CX9) -> 370 | DQ9: ='LINEST VARS'!$U$48+'LINEST VARS'!$T$48*(8)+'LINEST VARS'!$S$48*(8)+'LINEST VARS'!$R$48*($DQ$8)+'LINEST VARS'!$Q$48*(0.5)+'LINEST VARS'!$P$48*($CX9)+'LINEST VARS'!$O$48*(8^2)+'LINEST VARS'!$N$48*(8^2)+'LINEST VARS'!$M$48*($DQ$8^2)+'LINEST VARS'!$L$48*(0.5^2)+'LINEST VARS'!$K$48*($CX9^2)+'LINEST VARS'!$J$48*(8*8)+'LINEST VARS'!$I$48*(8*$DQ$8)+'LINEST VARS'!$H$48*(8*0.5)+'LINEST VARS'!$G$48*(8*$CX9)+'LINEST VARS'!$F$48*(8*$DQ$8)+'LINEST VARS'!$E$48*(8*0.5)+'LINEST VARS'!$D$48*(8*$CX9)+'LINEST VARS'!$C$48*($DQ$8*0.5)+'LINEST VARS'!$B$48*($DQ$8*$CX9)+'LINEST VARS'!$A$48*(0.5*$CX9) -> 370 | DR9: ='LINEST VARS'!$U$48+'LINEST VARS'!$T$48*(8)+'LINEST VARS'!$S$48*(8)+'LINEST VARS'!$R$48*($DR$8)+'LINEST VARS'!$Q$48*(0.5)+'LINEST VARS'!$P$48*($CX9)+'LINEST VARS'!$O$48*(8^2)+'LINEST VARS'!$N$48*(8^2)+'LINEST VARS'!$M$48*($DR$8^2)+'LINEST VARS'!$L$48*(0.5^2)+'LINEST VARS'!$K$48*($CX9^2)+'LINEST VARS'!$J$48*(8*8)+'LINEST VARS'!$I$48*(8*$DR$8)+'LINEST VARS'!$H$48*(8*0.5)+'LINEST VARS'!$G$48*(8*$CX9)+'LINEST VARS'!$F$48*(8*$DR$8)+'LINEST VARS'!$E$48*(8*0.5)+'LINEST VARS'!$D$48*(8*$CX9)+'LINEST VARS'!$C$48*($DR$8*0.5)+'LINEST VARS'!$B$48*($DR$8*$CX9)+'LINEST VARS'!$A$48*(0.5*$CX9) -> 370 | DS9: ='LINEST VARS'!$U$48+'LINEST VARS'!$T$48*(8)+'LINEST VARS'!$S$48*(8)+'LINEST VARS'!$R$48*($DS$8)+'LINEST VARS'!$Q$48*(0.5)+'LINEST VARS'!$P$48*($CX9)+'LINEST VARS'!$O$48*(8^2)+'LINEST VARS'!$N$48*(8^2)+'LINEST VARS'!$M$48*($DS$8^2)+'LINEST VARS'!$L$48*(0.5^2)+'LINEST VARS'!$K$48*($CX9^2)+'LINEST VARS'!$J$48*(8*8)+'LINEST VARS'!$I$48*(8*$DS$8)+'LINEST VARS'!$H$48*(8*0.5)+'LINEST VARS'!$G$48*(8*$CX9)+'LINEST VARS'!$F$48*(8*$DS$8)+'LINEST VARS'!$E$48*(8*0.5)+'LINEST VARS'!$D$48*(8*$CX9)+'LINEST VARS'!$C$48*($DS$8*0.5)+'LINEST VARS'!$B$48*($DS$8*$CX9)+'LINEST VARS'!$A$48*(0.5*$CX9) -> 370 | DV9: 0 | DW9: ='LINEST VARS'!$U$50+'LINEST VARS'!$T$50*(8)+'LINEST VARS'!$S$50*(8)+'LINEST VARS'!$R$50*($DW$8)+'LINEST VARS'!$Q$50*(0.5)+'LINEST VARS'!$P$50*($DV9)+'LINEST VARS'!$O$50*(8^2)+'LINEST VARS'!$N$50*(8^2)+'LINEST VARS'!$M$50*($DW$8^2)+'LINEST VARS'!$L$50*(0.5^2)+'LINEST VARS'!$K$50*($DV9^2)+'LINEST VARS'!$J$50*(8*8)+'LINEST VARS'!$I$50*(8*$DW$8)+'LINEST VARS'!$H$50*(8*0.5)+'LINEST VARS'!$G$50*(8*$DV9)+'LINEST VARS'!$F$50*(8*$DW$8)+'LINEST VARS'!$E$50*(8*0.5)+'LINEST VARS'!$D$50*(8*$DV9)+'LINEST VARS'!$C$50*($DW$8*0.5)+'LINEST VARS'!$B$50*($DW$8*$DV9)+'LINEST VARS'!$A$50*(0.5*$DV9) -> 332 | DX9: ='LINEST VARS'!$U$50+'LINEST VARS'!$T$50*(8)+'LINEST VARS'!$S$50*(8)+'LINEST VARS'!$R$50*($DX$8)+'LINEST VARS'!$Q$50*(0.5)+'LINEST VARS'!$P$50*($DV9)+'LINEST VARS'!$O$50*(8^2)+'LINEST VARS'!$N$50*(8^2)+'LINEST VARS'!$M$50*($DX$8^2)+'LINEST VARS'!$L$50*(0.5^2)+'LINEST VARS'!$K$50*($DV9^2)+'LINEST VARS'!$J$50*(8*8)+'LINEST VARS'!$I$50*(8*$DX$8)+'LINEST VARS'!$H$50*(8*0.5)+'LINEST VARS'!$G$50*(8*$DV9)+'LINEST VARS'!$F$50*(8*$DX$8)+'LINEST VARS'!$E$50*(8*0.5)+'LINEST VARS'!$D$50*(8*$DV9)+'LINEST VARS'!$C$50*($DX$8*0.5)+'LINEST VARS'!$B$50*($DX$8*$DV9)+'LINEST VARS'!$A$50*(0.5*$DV9) -> 332 | DY9: ='LINEST VARS'!$U$50+'LINEST VARS'!$T$50*(8)+'LINEST VARS'!$S$50*(8)+'LINEST VARS'!$R$50*($DY$8)+'LINEST VARS'!$Q$50*(0.5)+'LINEST VARS'!$P$50*($DV9)+'LINEST VARS'!$O$50*(8^2)+'LINEST VARS'!$N$50*(8^2)+'LINEST VARS'!$M$50*($DY$8^2)+'LINEST VARS'!$L$50*(0.5^2)+'LINEST VARS'!$K$50*($DV9^2)+'LINEST VARS'!$J$50*(8*8)+'LINEST VARS'!$I$50*(8*$DY$8)+'LINEST VARS'!$H$50*(8*0.5)+'LINEST VARS'!$G$50*(8*$DV9)+'LINEST VARS'!$F$50*(8*$DY$8)+'LINEST VARS'!$E$50*(8*0.5)+'LINEST VARS'!$D$50*(8*$DV9)+'LINEST VARS'!$C$50*($DY$8*0.5)+'LINEST VARS'!$B$50*($DY$8*$DV9)+'LINEST VARS'!$A$50*(0.5*$DV9) -> 332 | DZ9: ='LINEST VARS'!$U$50+'LINEST VARS'!$T$50*(8)+'LINEST VARS'!$S$50*(8)+'LINEST VARS'!$R$50*($DZ$8)+'LINEST VARS'!$Q$50*(0.5)+'LINEST VARS'!$P$50*($DV9)+'LINEST VARS'!$O$50*(8^2)+'LINEST VARS'!$N$50*(8^2)+'LINEST VARS'!$M$50*($DZ$8^2)+'LINEST VARS'!$L$50*(0.5^2)+'LINEST VARS'!$K$50*($DV9^2)+'LINEST VARS'!$J$50*(8*8)+'LINEST VARS'!$I$50*(8*$DZ$8)+'LINEST VARS'!$H$50*(8*0.5)+'LINEST VARS'!$G$50*(8*$DV9)+'LINEST VARS'!$F$50*(8*$DZ$8)+'LINEST VARS'!$E$50*(8*0.5)+'LINEST VARS'!$D$50*(8*$DV9)+'LINEST VARS'!$C$50*($DZ$8*0.5)+'LINEST VARS'!$B$50*($DZ$8*$DV9)+'LINEST VARS'!$A$50*(0.5*$DV9) -> 332 | EA9: ='LINEST VARS'!$U$50+'LINEST VARS'!$T$50*(8)+'LINEST VARS'!$S$50*(8)+'LINEST VARS'!$R$50*($EA$8)+'LINEST VARS'!$Q$50*(0.5)+'LINEST VARS'!$P$50*($DV9)+'LINEST VARS'!$O$50*(8^2)+'LINEST VARS'!$N$50*(8^2)+'LINEST VARS'!$M$50*($EA$8^2)+'LINEST VARS'!$L$50*(0.5^2)+'LINEST VARS'!$K$50*($DV9^2)+'LINEST VARS'!$J$50*(8*8)+'LINEST VARS'!$I$50*(8*$EA$8)+'LINEST VARS'!$H$50*(8*0.5)+'LINEST VARS'!$G$50*(8*$DV9)+'LINEST VARS'!$F$50*(8*$EA$8)+'LINEST VARS'!$E$50*(8*0.5)+'LINEST VARS'!$D$50*(8*$DV9)+'LINEST VARS'!$C$50*($EA$8*0.5)+'LINEST VARS'!$B$50*($EA$8*$DV9)+'LINEST VARS'!$A$50*(0.5*$DV9) -> 332 | EB9: ='LINEST VARS'!$U$50+'LINEST VARS'!$T$50*(8)+'LINEST VARS'!$S$50*(8)+'LINEST VARS'!$R$50*($EB$8)+'LINEST VARS'!$Q$50*(0.5)+'LINEST VARS'!$P$50*($DV9)+'LINEST VARS'!$O$50*(8^2)+'LINEST VARS'!$N$50*(8^2)+'LINEST VARS'!$M$50*($EB$8^2)+'LINEST VARS'!$L$50*(0.5^2)+'LINEST VARS'!$K$50*($DV9^2)+'LINEST VARS'!$J$50*(8*8)+'LINEST VARS'!$I$50*(8*$EB$8)+'LINEST VARS'!$H$50*(8*0.5)+'LINEST VARS'!$G$50*(8*$DV9)+'LINEST VARS'!$F$50*(8*$EB$8)+'LINEST VARS'!$E$50*(8*0.5)+'LINEST VARS'!$D$50*(8*$DV9)+'LINEST VARS'!$C$50*($EB$8*0.5)+'LINEST VARS'!$B$50*($EB$8*$DV9)+'LINEST VARS'!$A$50*(0.5*$DV9) -> 332 | EC9: ='LINEST VARS'!$U$50+'LINEST VARS'!$T$50*(8)+'LINEST VARS'!$S$50*(8)+'LINEST VARS'!$R$50*($EC$8)+'LINEST VARS'!$Q$50*(0.5)+'LINEST VARS'!$P$50*($DV9)+'LINEST VARS'!$O$50*(8^2)+'LINEST VARS'!$N$50*(8^2)+'LINEST VARS'!$M$50*($EC$8^2)+'LINEST VARS'!$L$50*(0.5^2)+'LINEST VARS'!$K$50*($DV9^2)+'LINEST VARS'!$J$50*(8*8)+'LINEST VARS'!$I$50*(8*$EC$8)+'LINEST VARS'!$H$50*(8*0.5)+'LINEST VARS'!$G$50*(8*$DV9)+'LINEST VARS'!$F$50*(8*$EC$8)+'LINEST VARS'!$E$50*(8*0.5)+'LINEST VARS'!$D$50*(8*$DV9)+'LINEST VARS'!$C$50*($EC$8*0.5)+'LINEST VARS'!$B$50*($EC$8*$DV9)+'LINEST VARS'!$A$50*(0.5*$DV9) -> 332 | ED9: ='LINEST VARS'!$U$50+'LINEST VARS'!$T$50*(8)+'LINEST VARS'!$S$50*(8)+'LINEST VARS'!$R$50*($ED$8)+'LINEST VARS'!$Q$50*(0.5)+'LINEST VARS'!$P$50*($DV9)+'LINEST VARS'!$O$50*(8^2)+'LINEST VARS'!$N$50*(8^2)+'LINEST VARS'!$M$50*($ED$8^2)+'LINEST VARS'!$L$50*(0.5^2)+'LINEST VARS'!$K$50*($DV9^2)+'LINEST VARS'!$J$50*(8*8)+'LINEST VARS'!$I$50*(8*$ED$8)+'LINEST VARS'!$H$50*(8*0.5)+'LINEST VARS'!$G$50*(8*$DV9)+'LINEST VARS'!$F$50*(8*$ED$8)+'LINEST VARS'!$E$50*(8*0.5)+'LINEST VARS'!$D$50*(8*$DV9)+'LINEST VARS'!$C$50*($ED$8*0.5)+'LINEST VARS'!$B$50*($ED$8*$DV9)+'LINEST VARS'!$A$50*(0.5*$DV9) -> 332 | EE9: ='LINEST VARS'!$U$50+'LINEST VARS'!$T$50*(8)+'LINEST VARS'!$S$50*(8)+'LINEST VARS'!$R$50*($EE$8)+'LINEST VARS'!$Q$50*(0.5)+'LINEST VARS'!$P$50*($DV9)+'LINEST VARS'!$O$50*(8^2)+'LINEST VARS'!$N$50*(8^2)+'LINEST VARS'!$M$50*($EE$8^2)+'LINEST VARS'!$L$50*(0.5^2)+'LINEST VARS'!$K$50*($DV9^2)+'LINEST VARS'!$J$50*(8*8)+'LINEST VARS'!$I$50*(8*$EE$8)+'LINEST VARS'!$H$50*(8*0.5)+'LINEST VARS'!$G$50*(8*$DV9)+'LINEST VARS'!$F$50*(8*$EE$8)+'LINEST VARS'!$E$50*(8*0.5)+'LINEST VARS'!$D$50*(8*$DV9)+'LINEST VARS'!$C$50*($EE$8*0.5)+'LINEST VARS'!$B$50*($EE$8*$DV9)+'LINEST VARS'!$A$50*(0.5*$DV9) -> 332 | EF9: ='LINEST VARS'!$U$50+'LINEST VARS'!$T$50*(8)+'LINEST VARS'!$S$50*(8)+'LINEST VARS'!$R$50*($EF$8)+'LINEST VARS'!$Q$50*(0.5)+'LINEST VARS'!$P$50*($DV9)+'LINEST VARS'!$O$50*(8^2)+'LINEST VARS'!$N$50*(8^2)+'LINEST VARS'!$M$50*($EF$8^2)+'LINEST VARS'!$L$50*(0.5^2)+'LINEST VARS'!$K$50*($DV9^2)+'LINEST VARS'!$J$50*(8*8)+'LINEST VARS'!$I$50*(8*$EF$8)+'LINEST VARS'!$H$50*(8*0.5)+'LINEST VARS'!$G$50*(8*$DV9)+'LINEST VARS'!$F$50*(8*$EF$8)+'LINEST VARS'!$E$50*(8*0.5)+'LINEST VARS'!$D$50*(8*$DV9)+'LINEST VARS'!$C$50*($EF$8*0.5)+'LINEST VARS'!$B$50*($EF$8*$DV9)+'LINEST VARS'!$A$50*(0.5*$DV9) -> 332 | EG9: ='LINEST VARS'!$U$50+'LINEST VARS'!$T$50*(8)+'LINEST VARS'!$S$50*(8)+'LINEST VARS'!$R$50*($EG$8)+'LINEST VARS'!$Q$50*(0.5)+'LINEST VARS'!$P$50*($DV9)+'LINEST VARS'!$O$50*(8^2)+'LINEST VARS'!$N$50*(8^2)+'LINEST VARS'!$M$50*($EG$8^2)+'LINEST VARS'!$L$50*(0.5^2)+'LINEST VARS'!$K$50*($DV9^2)+'LINEST VARS'!$J$50*(8*8)+'LINEST VARS'!$I$50*(8*$EG$8)+'LINEST VARS'!$H$50*(8*0.5)+'LINEST VARS'!$G$50*(8*$DV9)+'LINEST VARS'!$F$50*(8*$EG$8)+'LINEST VARS'!$E$50*(8*0.5)+'LINEST VARS'!$D$50*(8*$DV9)+'LINEST VARS'!$C$50*($EG$8*0.5)+'LINEST VARS'!$B$50*($EG$8*$DV9)+'LINEST VARS'!$A$50*(0.5*$DV9) -> 332 | EH9: ='LINEST VARS'!$U$50+'LINEST VARS'!$T$50*(8)+'LINEST VARS'!$S$50*(8)+'LINEST VARS'!$R$50*($EH$8)+'LINEST VARS'!$Q$50*(0.5)+'LINEST VARS'!$P$50*($DV9)+'LINEST VARS'!$O$50*(8^2)+'LINEST VARS'!$N$50*(8^2)+'LINEST VARS'!$M$50*($EH$8^2)+'LINEST VARS'!$L$50*(0.5^2)+'LINEST VARS'!$K$50*($DV9^2)+'LINEST VARS'!$J$50*(8*8)+'LINEST VARS'!$I$50*(8*$EH$8)+'LINEST VARS'!$H$50*(8*0.5)+'LINEST VARS'!$G$50*(8*$DV9)+'LINEST VARS'!$F$50*(8*$EH$8)+'LINEST VARS'!$E$50*(8*0.5)+'LINEST VARS'!$D$50*(8*$DV9)+'LINEST VARS'!$C$50*($EH$8*0.5)+'LINEST VARS'!$B$50*($EH$8*$DV9)+'LINEST VARS'!$A$50*(0.5*$DV9) -> 332 | EI9: ='LINEST VARS'!$U$50+'LINEST VARS'!$T$50*(8)+'LINEST VARS'!$S$50*(8)+'LINEST VARS'!$R$50*($EI$8)+'LINEST VARS'!$Q$50*(0.5)+'LINEST VARS'!$P$50*($DV9)+'LINEST VARS'!$O$50*(8^2)+'LINEST VARS'!$N$50*(8^2)+'LINEST VARS'!$M$50*($EI$8^2)+'LINEST VARS'!$L$50*(0.5^2)+'LINEST VARS'!$K$50*($DV9^2)+'LINEST VARS'!$J$50*(8*8)+'LINEST VARS'!$I$50*(8*$EI$8)+'LINEST VARS'!$H$50*(8*0.5)+'LINEST VARS'!$G$50*(8*$DV9)+'LINEST VARS'!$F$50*(8*$EI$8)+'LINEST VARS'!$E$50*(8*0.5)+'LINEST VARS'!$D$50*(8*$DV9)+'LINEST VARS'!$C$50*($EI$8*0.5)+'LINEST VARS'!$B$50*($EI$8*$DV9)+'LINEST VARS'!$A$50*(0.5*$DV9) -> 332 | EJ9: ='LINEST VARS'!$U$50+'LINEST VARS'!$T$50*(8)+'LINEST VARS'!$S$50*(8)+'LINEST VARS'!$R$50*($EJ$8)+'LINEST VARS'!$Q$50*(0.5)+'LINEST VARS'!$P$50*($DV9)+'LINEST VARS'!$O$50*(8^2)+'LINEST VARS'!$N$50*(8^2)+'LINEST VARS'!$M$50*($EJ$8^2)+'LINEST VARS'!$L$50*(0.5^2)+'LINEST VARS'!$K$50*($DV9^2)+'LINEST VARS'!$J$50*(8*8)+'LINEST VARS'!$I$50*(8*$EJ$8)+'LINEST VARS'!$H$50*(8*0.5)+'LINEST VARS'!$G$50*(8*$DV9)+'LINEST VARS'!$F$50*(8*$EJ$8)+'LINEST VARS'!$E$50*(8*0.5)+'LINEST VARS'!$D$50*(8*$DV9)+'LINEST VARS'!$C$50*($EJ$8*0.5)+'LINEST VARS'!$B$50*($EJ$8*$DV9)+'LINEST VARS'!$A$50*(0.5*$DV9) -> 332 | EK9: ='LINEST VARS'!$U$50+'LINEST VARS'!$T$50*(8)+'LINEST VARS'!$S$50*(8)+'LINEST VARS'!$R$50*($EK$8)+'LINEST VARS'!$Q$50*(0.5)+'LINEST VARS'!$P$50*($DV9)+'LINEST VARS'!$O$50*(8^2)+'LINEST VARS'!$N$50*(8^2)+'LINEST VARS'!$M$50*($EK$8^2)+'LINEST VARS'!$L$50*(0.5^2)+'LINEST VARS'!$K$50*($DV9^2)+'LINEST VARS'!$J$50*(8*8)+'LINEST VARS'!$I$50*(8*$EK$8)+'LINEST VARS'!$H$50*(8*0.5)+'LINEST VARS'!$G$50*(8*$DV9)+'LINEST VARS'!$F$50*(8*$EK$8)+'LINEST VARS'!$E$50*(8*0.5)+'LINEST VARS'!$D$50*(8*$DV9)+'LINEST VARS'!$C$50*($EK$8*0.5)+'LINEST VARS'!$B$50*($EK$8*$DV9)+'LINEST VARS'!$A$50*(0.5*$DV9) -> 332 | EL9: ='LINEST VARS'!$U$50+'LINEST VARS'!$T$50*(8)+'LINEST VARS'!$S$50*(8)+'LINEST VARS'!$R$50*($EL$8)+'LINEST VARS'!$Q$50*(0.5)+'LINEST VARS'!$P$50*($DV9)+'LINEST VARS'!$O$50*(8^2)+'LINEST VARS'!$N$50*(8^2)+'LINEST VARS'!$M$50*($EL$8^2)+'LINEST VARS'!$L$50*(0.5^2)+'LINEST VARS'!$K$50*($DV9^2)+'LINEST VARS'!$J$50*(8*8)+'LINEST VARS'!$I$50*(8*$EL$8)+'LINEST VARS'!$H$50*(8*0.5)+'LINEST VARS'!$G$50*(8*$DV9)+'LINEST VARS'!$F$50*(8*$EL$8)+'LINEST VARS'!$E$50*(8*0.5)+'LINEST VARS'!$D$50*(8*$DV9)+'LINEST VARS'!$C$50*($EL$8*0.5)+'LINEST VARS'!$B$50*($EL$8*$DV9)+'LINEST VARS'!$A$50*(0.5*$DV9) -> 332 | EM9: ='LINEST VARS'!$U$50+'LINEST VARS'!$T$50*(8)+'LINEST VARS'!$S$50*(8)+'LINEST VARS'!$R$50*($EM$8)+'LINEST VARS'!$Q$50*(0.5)+'LINEST VARS'!$P$50*($DV9)+'LINEST VARS'!$O$50*(8^2)+'LINEST VARS'!$N$50*(8^2)+'LINEST VARS'!$M$50*($EM$8^2)+'LINEST VARS'!$L$50*(0.5^2)+'LINEST VARS'!$K$50*($DV9^2)+'LINEST VARS'!$J$50*(8*8)+'LINEST VARS'!$I$50*(8*$EM$8)+'LINEST VARS'!$H$50*(8*0.5)+'LINEST VARS'!$G$50*(8*$DV9)+'LINEST VARS'!$F$50*(8*$EM$8)+'LINEST VARS'!$E$50*(8*0.5)+'LINEST VARS'!$D$50*(8*$DV9)+'LINEST VARS'!$C$50*($EM$8*0.5)+'LINEST VARS'!$B$50*($EM$8*$DV9)+'LINEST VARS'!$A$50*(0.5*$DV9) -> 332 | EN9: ='LINEST VARS'!$U$50+'LINEST VARS'!$T$50*(8)+'LINEST VARS'!$S$50*(8)+'LINEST VARS'!$R$50*($EN$8)+'LINEST VARS'!$Q$50*(0.5)+'LINEST VARS'!$P$50*($DV9)+'LINEST VARS'!$O$50*(8^2)+'LINEST VARS'!$N$50*(8^2)+'LINEST VARS'!$M$50*($EN$8^2)+'LINEST VARS'!$L$50*(0.5^2)+'LINEST VARS'!$K$50*($DV9^2)+'LINEST VARS'!$J$50*(8*8)+'LINEST VARS'!$I$50*(8*$EN$8)+'LINEST VARS'!$H$50*(8*0.5)+'LINEST VARS'!$G$50*(8*$DV9)+'LINEST VARS'!$F$50*(8*$EN$8)+'LINEST VARS'!$E$50*(8*0.5)+'LINEST VARS'!$D$50*(8*$DV9)+'LINEST VARS'!$C$50*($EN$8*0.5)+'LINEST VARS'!$B$50*($EN$8*$DV9)+'LINEST VARS'!$A$50*(0.5*$DV9) -> 332 | EO9: ='LINEST VARS'!$U$50+'LINEST VARS'!$T$50*(8)+'LINEST VARS'!$S$50*(8)+'LINEST VARS'!$R$50*($EO$8)+'LINEST VARS'!$Q$50*(0.5)+'LINEST VARS'!$P$50*($DV9)+'LINEST VARS'!$O$50*(8^2)+'LINEST VARS'!$N$50*(8^2)+'LINEST VARS'!$M$50*($EO$8^2)+'LINEST VARS'!$L$50*(0.5^2)+'LINEST VARS'!$K$50*($DV9^2)+'LINEST VARS'!$J$50*(8*8)+'LINEST VARS'!$I$50*(8*$EO$8)+'LINEST VARS'!$H$50*(8*0.5)+'LINEST VARS'!$G$50*(8*$DV9)+'LINEST VARS'!$F$50*(8*$EO$8)+'LINEST VARS'!$E$50*(8*0.5)+'LINEST VARS'!$D$50*(8*$DV9)+'LINEST VARS'!$C$50*($EO$8*0.5)+'LINEST VARS'!$B$50*($EO$8*$DV9)+'LINEST VARS'!$A$50*(0.5*$DV9) -> 332 | EP9: ='LINEST VARS'!$U$50+'LINEST VARS'!$T$50*(8)+'LINEST VARS'!$S$50*(8)+'LINEST VARS'!$R$50*($EP$8)+'LINEST VARS'!$Q$50*(0.5)+'LINEST VARS'!$P$50*($DV9)+'LINEST VARS'!$O$50*(8^2)+'LINEST VARS'!$N$50*(8^2)+'LINEST VARS'!$M$50*($EP$8^2)+'LINEST VARS'!$L$50*(0.5^2)+'LINEST VARS'!$K$50*($DV9^2)+'LINEST VARS'!$J$50*(8*8)+'LINEST VARS'!$I$50*(8*$EP$8)+'LINEST VARS'!$H$50*(8*0.5)+'LINEST VARS'!$G$50*(8*$DV9)+'LINEST VARS'!$F$50*(8*$EP$8)+'LINEST VARS'!$E$50*(8*0.5)+'LINEST VARS'!$D$50*(8*$DV9)+'LINEST VARS'!$C$50*($EP$8*0.5)+'LINEST VARS'!$B$50*($EP$8*$DV9)+'LINEST VARS'!$A$50*(0.5*$DV9) -> 332 | EQ9: ='LINEST VARS'!$U$50+'LINEST VARS'!$T$50*(8)+'LINEST VARS'!$S$50*(8)+'LINEST VARS'!$R$50*($EQ$8)+'LINEST VARS'!$Q$50*(0.5)+'LINEST VARS'!$P$50*($DV9)+'LINEST VARS'!$O$50*(8^2)+'LINEST VARS'!$N$50*(8^2)+'LINEST VARS'!$M$50*($EQ$8^2)+'LINEST VARS'!$L$50*(0.5^2)+'LINEST VARS'!$K$50*($DV9^2)+'LINEST VARS'!$J$50*(8*8)+'LINEST VARS'!$I$50*(8*$EQ$8)+'LINEST VARS'!$H$50*(8*0.5)+'LINEST VARS'!$G$50*(8*$DV9)+'LINEST VARS'!$F$50*(8*$EQ$8)+'LINEST VARS'!$E$50*(8*0.5)+'LINEST VARS'!$D$50*(8*$DV9)+'LINEST VARS'!$C$50*($EQ$8*0.5)+'LINEST VARS'!$B$50*($EQ$8*$DV9)+'LINEST VARS'!$A$50*(0.5*$DV9) -> 332
B10: 7.46 | C10: ='LINEST VARS'!$U$48+'LINEST VARS'!$T$48*($C$8)+'LINEST VARS'!$S$48*($B10)+'LINEST VARS'!$R$48*(4)+'LINEST VARS'!$Q$48*(0.5)+'LINEST VARS'!$P$48*(12.73)+'LINEST VARS'!$O$48*($C$8^2)+'LINEST VARS'!$N$48*($B10^2)+'LINEST VARS'!$M$48*(4^2)+'LINEST VARS'!$L$48*(0.5^2)+'LINEST VARS'!$K$48*(12.73^2)+'LINEST VARS'!$J$48*($C$8*$B10)+'LINEST VARS'!$I$48*($C$8*4)+'LINEST VARS'!$H$48*($C$8*0.5)+'LINEST VARS'!$G$48*($C$8*12.73)+'LINEST VARS'!$F$48*($B10*4)+'LINEST VARS'!$E$48*($B10*0.5)+'LINEST VARS'!$D$48*($B10*12.73)+'LINEST VARS'!$C$48*(4*0.5)+'LINEST VARS'!$B$48*(4*12.73)+'LINEST VARS'!$A$48*(0.5*12.73) -> 320.98 | D10: ='LINEST VARS'!$U$48+'LINEST VARS'!$T$48*($D$8)+'LINEST VARS'!$S$48*($B10)+'LINEST VARS'!$R$48*(4)+'LINEST VARS'!$Q$48*(0.5)+'LINEST VARS'!$P$48*(12.73)+'LINEST VARS'!$O$48*($D$8^2)+'LINEST VARS'!$N$48*($B10^2)+'LINEST VARS'!$M$48*(4^2)+'LINEST VARS'!$L$48*(0.5^2)+'LINEST VARS'!$K$48*(12.73^2)+'LINEST VARS'!$J$48*($D$8*$B10)+'LINEST VARS'!$I$48*($D$8*4)+'LINEST VARS'!$H$48*($D$8*0.5)+'LINEST VARS'!$G$48*($D$8*12.73)+'LINEST VARS'!$F$48*($B10*4)+'LINEST VARS'!$E$48*($B10*0.5)+'LINEST VARS'!$D$48*($B10*12.73)+'LINEST VARS'!$C$48*(4*0.5)+'LINEST VARS'!$B$48*(4*12.73)+'LINEST VARS'!$A$48*(0.5*12.73) -> 325.558 | E10: ='LINEST VARS'!$U$48+'LINEST VARS'!$T$48*($E$8)+'LINEST VARS'!$S$48*($B10)+'LINEST VARS'!$R$48*(4)+'LINEST VARS'!$Q$48*(0.5)+'LINEST VARS'!$P$48*(12.73)+'LINEST VARS'!$O$48*($E$8^2)+'LINEST VARS'!$N$48*($B10^2)+'LINEST VARS'!$M$48*(4^2)+'LINEST VARS'!$L$48*(0.5^2)+'LINEST VARS'!$K$48*(12.73^2)+'LINEST VARS'!$J$48*($E$8*$B10)+'LINEST VARS'!$I$48*($E$8*4)+'LINEST VARS'!$H$48*($E$8*0.5)+'LINEST VARS'!$G$48*($E$8*12.73)+'LINEST VARS'!$F$48*($B10*4)+'LINEST VARS'!$E$48*($B10*0.5)+'LINEST VARS'!$D$48*($B10*12.73)+'LINEST VARS'!$C$48*(4*0.5)+'LINEST VARS'!$B$48*(4*12.73)+'LINEST VARS'!$A$48*(0.5*12.73) -> 330.172 | F10: ='LINEST VARS'!$U$48+'LINEST VARS'!$T$48*($F$8)+'LINEST VARS'!$S$48*($B10)+'LINEST VARS'!$R$48*(4)+'LINEST VARS'!$Q$48*(0.5)+'LINEST VARS'!$P$48*(12.73)+'LINEST VARS'!$O$48*($F$8^2)+'LINEST VARS'!$N$48*($B10^2)+'LINEST VARS'!$M$48*(4^2)+'LINEST VARS'!$L$48*(0.5^2)+'LINEST VARS'!$K$48*(12.73^2)+'LINEST VARS'!$J$48*($F$8*$B10)+'LINEST VARS'!$I$48*($F$8*4)+'LINEST VARS'!$H$48*($F$8*0.5)+'LINEST VARS'!$G$48*($F$8*12.73)+'LINEST VARS'!$F$48*($B10*4)+'LINEST VARS'!$E$48*($B10*0.5)+'LINEST VARS'!$D$48*($B10*12.73)+'LINEST VARS'!$C$48*(4*0.5)+'LINEST VARS'!$B$48*(4*12.73)+'LINEST VARS'!$A$48*(0.5*12.73) -> 334.822 | G10: ='LINEST VARS'!$U$48+'LINEST VARS'!$T$48*($G$8)+'LINEST VARS'!$S$48*($B10)+'LINEST VARS'!$R$48*(4)+'LINEST VARS'!$Q$48*(0.5)+'LINEST VARS'!$P$48*(12.73)+'LINEST VARS'!$O$48*($G$8^2)+'LINEST VARS'!$N$48*($B10^2)+'LINEST VARS'!$M$48*(4^2)+'LINEST VARS'!$L$48*(0.5^2)+'LINEST VARS'!$K$48*(12.73^2)+'LINEST VARS'!$J$48*($G$8*$B10)+'LINEST VARS'!$I$48*($G$8*4)+'LINEST VARS'!$H$48*($G$8*0.5)+'LINEST VARS'!$G$48*($G$8*12.73)+'LINEST VARS'!$F$48*($B10*4)+'LINEST VARS'!$E$48*($B10*0.5)+'LINEST VARS'!$D$48*($B10*12.73)+'LINEST VARS'!$C$48*(4*0.5)+'LINEST VARS'!$B$48*(4*12.73)+'LINEST VARS'!$A$48*(0.5*12.73) -> 339.508 | H10: ='LINEST VARS'!$U$48+'LINEST VARS'!$T$48*($H$8)+'LINEST VARS'!$S$48*($B10)+'LINEST VARS'!$R$48*(4)+'LINEST VARS'!$Q$48*(0.5)+'LINEST VARS'!$P$48*(12.73)+'LINEST VARS'!$O$48*($H$8^2)+'LINEST VARS'!$N$48*($B10^2)+'LINEST VARS'!$M$48*(4^2)+'LINEST VARS'!$L$48*(0.5^2)+'LINEST VARS'!$K$48*(12.73^2)+'LINEST VARS'!$J$48*($H$8*$B10)+'LINEST VARS'!$I$48*($H$8*4)+'LINEST VARS'!$H$48*($H$8*0.5)+'LINEST VARS'!$G$48*($H$8*12.73)+'LINEST VARS'!$F$48*($B10*4)+'LINEST VARS'!$E$48*($B10*0.5)+'LINEST VARS'!$D$48*($B10*12.73)+'LINEST VARS'!$C$48*(4*0.5)+'LINEST VARS'!$B$48*(4*12.73)+'LINEST VARS'!$A$48*(0.5*12.73) -> 344.23 | I10: ='LINEST VARS'!$U$48+'LINEST VARS'!$T$48*($I$8)+'LINEST VARS'!$S$48*($B10)+'LINEST VARS'!$R$48*(4)+'LINEST VARS'!$Q$48*(0.5)+'LINEST VARS'!$P$48*(12.73)+'LINEST VARS'!$O$48*($I$8^2)+'LINEST VARS'!$N$48*($B10^2)+'LINEST VARS'!$M$48*(4^2)+'LINEST VARS'!$L$48*(0.5^2)+'LINEST VARS'!$K$48*(12.73^2)+'LINEST VARS'!$J$48*($I$8*$B10)+'LINEST VARS'!$I$48*($I$8*4)+'LINEST VARS'!$H$48*($I$8*0.5)+'LINEST VARS'!$G$48*($I$8*12.73)+'LINEST VARS'!$F$48*($B10*4)+'LINEST VARS'!$E$48*($B10*0.5)+'LINEST VARS'!$D$48*($B10*12.73)+'LINEST VARS'!$C$48*(4*0.5)+'LINEST VARS'!$B$48*(4*12.73)+'LINEST VARS'!$A$48*(0.5*12.73) -> 348.988 | J10: ='LINEST VARS'!$U$48+'LINEST VARS'!$T$48*($J$8)+'LINEST VARS'!$S$48*($B10)+'LINEST VARS'!$R$48*(4)+'LINEST VARS'!$Q$48*(0.5)+'LINEST VARS'!$P$48*(12.73)+'LINEST VARS'!$O$48*($J$8^2)+'LINEST VARS'!$N$48*($B10^2)+'LINEST VARS'!$M$48*(4^2)+'LINEST VARS'!$L$48*(0.5^2)+'LINEST VARS'!$K$48*(12.73^2)+'LINEST VARS'!$J$48*($J$8*$B10)+'LINEST VARS'!$I$48*($J$8*4)+'LINEST VARS'!$H$48*($J$8*0.5)+'LINEST VARS'!$G$48*($J$8*12.73)+'LINEST VARS'!$F$48*($B10*4)+'LINEST VARS'!$E$48*($B10*0.5)+'LINEST VARS'!$D$48*($B10*12.73)+'LINEST VARS'!$C$48*(4*0.5)+'LINEST VARS'!$B$48*(4*12.73)+'LINEST VARS'!$A$48*(0.5*12.73) -> 353.782 | K10: ='LINEST VARS'!$U$48+'LINEST VARS'!$T$48*($K$8)+'LINEST VARS'!$S$48*($B10)+'LINEST VARS'!$R$48*(4)+'LINEST VARS'!$Q$48*(0.5)+'LINEST VARS'!$P$48*(12.73)+'LINEST VARS'!$O$48*($K$8^2)+'LINEST VARS'!$N$48*($B10^2)+'LINEST VARS'!$M$48*(4^2)+'LINEST VARS'!$L$48*(0.5^2)+'LINEST VARS'!$K$48*(12.73^2)+'LINEST VARS'!$J$48*($K$8*$B10)+'LINEST VARS'!$I$48*($K$8*4)+'LINEST VARS'!$H$48*($K$8*0.5)+'LINEST VARS'!$G$48*($K$8*12.73)+'LINEST VARS'!$F$48*($B10*4)+'LINEST VARS'!$E$48*($B10*0.5)+'LINEST VARS'!$D$48*($B10*12.73)+'LINEST VARS'!$C$48*(4*0.5)+'LINEST VARS'!$B$48*(4*12.73)+'LINEST VARS'!$A$48*(0.5*12.73) -> 358.612 | L10: ='LINEST VARS'!$U$48+'LINEST VARS'!$T$48*($L$8)+'LINEST VARS'!$S$48*($B10)+'LINEST VARS'!$R$48*(4)+'LINEST VARS'!$Q$48*(0.5)+'LINEST VARS'!$P$48*(12.73)+'LINEST VARS'!$O$48*($L$8^2)+'LINEST VARS'!$N$48*($B10^2)+'LINEST VARS'!$M$48*(4^2)+'LINEST VARS'!$L$48*(0.5^2)+'LINEST VARS'!$K$48*(12.73^2)+'LINEST VARS'!$J$48*($L$8*$B10)+'LINEST VARS'!$I$48*($L$8*4)+'LINEST VARS'!$H$48*($L$8*0.5)+'LINEST VARS'!$G$48*($L$8*12.73)+'LINEST VARS'!$F$48*($B10*4)+'LINEST VARS'!$E$48*($B10*0.5)+'LINEST VARS'!$D$48*($B10*12.73)+'LINEST VARS'!$C$48*(4*0.5)+'LINEST VARS'!$B$48*(4*12.73)+'LINEST VARS'!$A$48*(0.5*12.73) -> 363.478 | M10: ='LINEST VARS'!$U$48+'LINEST VARS'!$T$48*($M$8)+'LINEST VARS'!$S$48*($B10)+'LINEST VARS'!$R$48*(4)+'LINEST VARS'!$Q$48*(0.5)+'LINEST VARS'!$P$48*(12.73)+'LINEST VARS'!$O$48*($M$8^2)+'LINEST VARS'!$N$48*($B10^2)+'LINEST VARS'!$M$48*(4^2)+'LINEST VARS'!$L$48*(0.5^2)+'LINEST VARS'!$K$48*(12.73^2)+'LINEST VARS'!$J$48*($M$8*$B10)+'LINEST VARS'!$I$48*($M$8*4)+'LINEST VARS'!$H$48*($M$8*0.5)+'LINEST VARS'!$G$48*($M$8*12.73)+'LINEST VARS'!$F$48*($B10*4)+'LINEST VARS'!$E$48*($B10*0.5)+'LINEST VARS'!$D$48*($B10*12.73)+'LINEST VARS'!$C$48*(4*0.5)+'LINEST VARS'!$B$48*(4*12.73)+'LINEST VARS'!$A$48*(0.5*12.73) -> 368.38 | N10: ='LINEST VARS'!$U$48+'LINEST VARS'!$T$48*($N$8)+'LINEST VARS'!$S$48*($B10)+'LINEST VARS'!$R$48*(4)+'LINEST VARS'!$Q$48*(0.5)+'LINEST VARS'!$P$48*(12.73)+'LINEST VARS'!$O$48*($N$8^2)+'LINEST VARS'!$N$48*($B10^2)+'LINEST VARS'!$M$48*(4^2)+'LINEST VARS'!$L$48*(0.5^2)+'LINEST VARS'!$K$48*(12.73^2)+'LINEST VARS'!$J$48*($N$8*$B10)+'LINEST VARS'!$I$48*($N$8*4)+'LINEST VARS'!$H$48*($N$8*0.5)+'LINEST VARS'!$G$48*($N$8*12.73)+'LINEST VARS'!$F$48*($B10*4)+'LINEST VARS'!$E$48*($B10*0.5)+'LINEST VARS'!$D$48*($B10*12.73)+'LINEST VARS'!$C$48*(4*0.5)+'LINEST VARS'!$B$48*(4*12.73)+'LINEST VARS'!$A$48*(0.5*12.73) -> 373.318 | O10: ='LINEST VARS'!$U$48+'LINEST VARS'!$T$48*($O$8)+'LINEST VARS'!$S$48*($B10)+'LINEST VARS'!$R$48*(4)+'LINEST VARS'!$Q$48*(0.5)+'LINEST VARS'!$P$48*(12.73)+'LINEST VARS'!$O$48*($O$8^2)+'LINEST VARS'!$N$48*($B10^2)+'LINEST VARS'!$M$48*(4^2)+'LINEST VARS'!$L$48*(0.5^2)+'LINEST VARS'!$K$48*(12.73^2)+'LINEST VARS'!$J$48*($O$8*$B10)+'LINEST VARS'!$I$48*($O$8*4)+'LINEST VARS'!$H$48*($O$8*0.5)+'LINEST VARS'!$G$48*($O$8*12.73)+'LINEST VARS'!$F$48*($B10*4)+'LINEST VARS'!$E$48*($B10*0.5)+'LINEST VARS'!$D$48*($B10*12.73)+'LINEST VARS'!$C$48*(4*0.5)+'LINEST VARS'!$B$48*(4*12.73)+'LINEST VARS'!$A$48*(0.5*12.73) -> 378.292 | P10: ='LINEST VARS'!$U$48+'LINEST VARS'!$T$48*($P$8)+'LINEST VARS'!$S$48*($B10)+'LINEST VARS'!$R$48*(4)+'LINEST VARS'!$Q$48*(0.5)+'LINEST VARS'!$P$48*(12.73)+'LINEST VARS'!$O$48*($P$8^2)+'LINEST VARS'!$N$48*($B10^2)+'LINEST VARS'!$M$48*(4^2)+'LINEST VARS'!$L$48*(0.5^2)+'LINEST VARS'!$K$48*(12.73^2)+'LINEST VARS'!$J$48*($P$8*$B10)+'LINEST VARS'!$I$48*($P$8*4)+'LINEST VARS'!$H$48*($P$8*0.5)+'LINEST VARS'!$G$48*($P$8*12.73)+'LINEST VARS'!$F$48*($B10*4)+'LINEST VARS'!$E$48*($B10*0.5)+'LINEST VARS'!$D$48*($B10*12.73)+'LINEST VARS'!$C$48*(4*0.5)+'LINEST VARS'!$B$48*(4*12.73)+'LINEST VARS'!$A$48*(0.5*12.73) -> 383.302 | Q10: ='LINEST VARS'!$U$48+'LINEST VARS'!$T$48*($Q$8)+'LINEST VARS'!$S$48*($B10)+'LINEST VARS'!$R$48*(4)+'LINEST VARS'!$Q$48*(0.5)+'LINEST VARS'!$P$48*(12.73)+'LINEST VARS'!$O$48*($Q$8^2)+'LINEST VARS'!$N$48*($B10^2)+'LINEST VARS'!$M$48*(4^2)+'LINEST VARS'!$L$48*(0.5^2)+'LINEST VARS'!$K$48*(12.73^2)+'LINEST VARS'!$J$48*($Q$8*$B10)+'LINEST VARS'!$I$48*($Q$8*4)+'LINEST VARS'!$H$48*($Q$8*0.5)+'LINEST VARS'!$G$48*($Q$8*12.73)+'LINEST VARS'!$F$48*($B10*4)+'LINEST VARS'!$E$48*($B10*0.5)+'LINEST VARS'!$D$48*($B10*12.73)+'LINEST VARS'!$C$48*(4*0.5)+'LINEST VARS'!$B$48*(4*12.73)+'LINEST VARS'!$A$48*(0.5*12.73) -> 388.348 | R10: ='LINEST VARS'!$U$48+'LINEST VARS'!$T$48*($R$8)+'LINEST VARS'!$S$48*($B10)+'LINEST VARS'!$R$48*(4)+'LINEST VARS'!$Q$48*(0.5)+'LINEST VARS'!$P$48*(12.73)+'LINEST VARS'!$O$48*($R$8^2)+'LINEST VARS'!$N$48*($B10^2)+'LINEST VARS'!$M$48*(4^2)+'LINEST VARS'!$L$48*(0.5^2)+'LINEST VARS'!$K$48*(12.73^2)+'LINEST VARS'!$J$48*($R$8*$B10)+'LINEST VARS'!$I$48*($R$8*4)+'LINEST VARS'!$H$48*($R$8*0.5)+'LINEST VARS'!$G$48*($R$8*12.73)+'LINEST VARS'!$F$48*($B10*4)+'LINEST VARS'!$E$48*($B10*0.5)+'LINEST VARS'!$D$48*($B10*12.73)+'LINEST VARS'!$C$48*(4*0.5)+'LINEST VARS'!$B$48*(4*12.73)+'LINEST VARS'!$A$48*(0.5*12.73) -> 393.43 | S10: ='LINEST VARS'!$U$48+'LINEST VARS'!$T$48*($S$8)+'LINEST VARS'!$S$48*($B10)+'LINEST VARS'!$R$48*(4)+'LINEST VARS'!$Q$48*(0.5)+'LINEST VARS'!$P$48*(12.73)+'LINEST VARS'!$O$48*($S$8^2)+'LINEST VARS'!$N$48*($B10^2)+'LINEST VARS'!$M$48*(4^2)+'LINEST VARS'!$L$48*(0.5^2)+'LINEST VARS'!$K$48*(12.73^2)+'LINEST VARS'!$J$48*($S$8*$B10)+'LINEST VARS'!$I$48*($S$8*4)+'LINEST VARS'!$H$48*($S$8*0.5)+'LINEST VARS'!$G$48*($S$8*12.73)+'LINEST VARS'!$F$48*($B10*4)+'LINEST VARS'!$E$48*($B10*0.5)+'LINEST VARS'!$D$48*($B10*12.73)+'LINEST VARS'!$C$48*(4*0.5)+'LINEST VARS'!$B$48*(4*12.73)+'LINEST VARS'!$A$48*(0.5*12.73) -> 398.548 | T10: ='LINEST VARS'!$U$48+'LINEST VARS'!$T$48*($T$8)+'LINEST VARS'!$S$48*($B10)+'LINEST VARS'!$R$48*(4)+'LINEST VARS'!$Q$48*(0.5)+'LINEST VARS'!$P$48*(12.73)+'LINEST VARS'!$O$48*($T$8^2)+'LINEST VARS'!$N$48*($B10^2)+'LINEST VARS'!$M$48*(4^2)+'LINEST VARS'!$L$48*(0.5^2)+'LINEST VARS'!$K$48*(12.73^2)+'LINEST VARS'!$J$48*($T$8*$B10)+'LINEST VARS'!$I$48*($T$8*4)+'LINEST VARS'!$H$48*($T$8*0.5)+'LINEST VARS'!$G$48*($T$8*12.73)+'LINEST VARS'!$F$48*($B10*4)+'LINEST VARS'!$E$48*($B10*0.5)+'LINEST VARS'!$D$48*($B10*12.73)+'LINEST VARS'!$C$48*(4*0.5)+'LINEST VARS'!$B$48*(4*12.73)+'LINEST VARS'!$A$48*(0.5*12.73) -> 403.702 | U10: ='LINEST VARS'!$U$48+'LINEST VARS'!$T$48*($U$8)+'LINEST VARS'!$S$48*($B10)+'LINEST VARS'!$R$48*(4)+'LINEST VARS'!$Q$48*(0.5)+'LINEST VARS'!$P$48*(12.73)+'LINEST VARS'!$O$48*($U$8^2)+'LINEST VARS'!$N$48*($B10^2)+'LINEST VARS'!$M$48*(4^2)+'LINEST VARS'!$L$48*(0.5^2)+'LINEST VARS'!$K$48*(12.73^2)+'LINEST VARS'!$J$48*($U$8*$B10)+'LINEST VARS'!$I$48*($U$8*4)+'LINEST VARS'!$H$48*($U$8*0.5)+'LINEST VARS'!$G$48*($U$8*12.73)+'LINEST VARS'!$F$48*($B10*4)+'LINEST VARS'!$E$48*($B10*0.5)+'LINEST VARS'!$D$48*($B10*12.73)+'LINEST VARS'!$C$48*(4*0.5)+'LINEST VARS'!$B$48*(4*12.73)+'LINEST VARS'!$A$48*(0.5*12.73) -> 408.892 | V10: ='LINEST VARS'!$U$48+'LINEST VARS'!$T$48*($V$8)+'LINEST VARS'!$S$48*($B10)+'LINEST VARS'!$R$48*(4)+'LINEST VARS'!$Q$48*(0.5)+'LINEST VARS'!$P$48*(12.73)+'LINEST VARS'!$O$48*($V$8^2)+'LINEST VARS'!$N$48*($B10^2)+'LINEST VARS'!$M$48*(4^2)+'LINEST VARS'!$L$48*(0.5^2)+'LINEST VARS'!$K$48*(12.73^2)+'LINEST VARS'!$J$48*($V$8*$B10)+'LINEST VARS'!$I$48*($V$8*4)+'LINEST VARS'!$H$48*($V$8*0.5)+'LINEST VARS'!$G$48*($V$8*12.73)+'LINEST VARS'!$F$48*($B10*4)+'LINEST VARS'!$E$48*($B10*0.5)+'LINEST VARS'!$D$48*($B10*12.73)+'LINEST VARS'!$C$48*(4*0.5)+'LINEST VARS'!$B$48*(4*12.73)+'LINEST VARS'!$A$48*(0.5*12.73) -> 414.118 | W10: ='LINEST VARS'!$U$48+'LINEST VARS'!$T$48*($W$8)+'LINEST VARS'!$S$48*($B10)+'LINEST VARS'!$R$48*(4)+'LINEST VARS'!$Q$48*(0.5)+'LINEST VARS'!$P$48*(12.73)+'LINEST VARS'!$O$48*($W$8^2)+'LINEST VARS'!$N$48*($B10^2)+'LINEST VARS'!$M$48*(4^2)+'LINEST VARS'!$L$48*(0.5^2)+'LINEST VARS'!$K$48*(12.73^2)+'LINEST VARS'!$J$48*($W$8*$B10)+'LINEST VARS'!$I$48*($W$8*4)+'LINEST VARS'!$H$48*($W$8*0.5)+'LINEST VARS'!$G$48*($W$8*12.73)+'LINEST VARS'!$F$48*($B10*4)+'LINEST VARS'!$E$48*($B10*0.5)+'LINEST VARS'!$D$48*($B10*12.73)+'LINEST VARS'!$C$48*(4*0.5)+'LINEST VARS'!$B$48*(4*12.73)+'LINEST VARS'!$A$48*(0.5*12.73) -> 419.38 | Z10: 7.46 | AA10: ='LINEST VARS'!$U$50+'LINEST VARS'!$T$50*($AA$8)+'LINEST VARS'!$S$50*($Z10)+'LINEST VARS'!$R$50*(4)+'LINEST VARS'!$Q$50*(0.5)+'LINEST VARS'!$P$50*(12.73)+'LINEST VARS'!$O$50*($AA$8^2)+'LINEST VARS'!$N$50*($Z10^2)+'LINEST VARS'!$M$50*(4^2)+'LINEST VARS'!$L$50*(0.5^2)+'LINEST VARS'!$K$50*(12.73^2)+'LINEST VARS'!$J$50*($AA$8*$Z10)+'LINEST VARS'!$I$50*($AA$8*4)+'LINEST VARS'!$H$50*($AA$8*0.5)+'LINEST VARS'!$G$50*($AA$8*12.73)+'LINEST VARS'!$F$50*($Z10*4)+'LINEST VARS'!$E$50*($Z10*0.5)+'LINEST VARS'!$D$50*($Z10*12.73)+'LINEST VARS'!$C$50*(4*0.5)+'LINEST VARS'!$B$50*(4*12.73)+'LINEST VARS'!$A$50*(0.5*12.73) -> 329.75 | AB10: ='LINEST VARS'!$U$50+'LINEST VARS'!$T$50*($AB$8)+'LINEST VARS'!$S$50*($Z10)+'LINEST VARS'!$R$50*(4)+'LINEST VARS'!$Q$50*(0.5)+'LINEST VARS'!$P$50*(12.73)+'LINEST VARS'!$O$50*($AB$8^2)+'LINEST VARS'!$N$50*($Z10^2)+'LINEST VARS'!$M$50*(4^2)+'LINEST VARS'!$L$50*(0.5^2)+'LINEST VARS'!$K$50*(12.73^2)+'LINEST VARS'!$J$50*($AB$8*$Z10)+'LINEST VARS'!$I$50*($AB$8*4)+'LINEST VARS'!$H$50*($AB$8*0.5)+'LINEST VARS'!$G$50*($AB$8*12.73)+'LINEST VARS'!$F$50*($Z10*4)+'LINEST VARS'!$E$50*($Z10*0.5)+'LINEST VARS'!$D$50*($Z10*12.73)+'LINEST VARS'!$C$50*(4*0.5)+'LINEST VARS'!$B$50*(4*12.73)+'LINEST VARS'!$A$50*(0.5*12.73) -> 329.84 | AC10: ='LINEST VARS'!$U$50+'LINEST VARS'!$T$50*($AC$8)+'LINEST VARS'!$S$50*($Z10)+'LINEST VARS'!$R$50*(4)+'LINEST VARS'!$Q$50*(0.5)+'LINEST VARS'!$P$50*(12.73)+'LINEST VARS'!$O$50*($AC$8^2)+'LINEST VARS'!$N$50*($Z10^2)+'LINEST VARS'!$M$50*(4^2)+'LINEST VARS'!$L$50*(0.5^2)+'LINEST VARS'!$K$50*(12.73^2)+'LINEST VARS'!$J$50*($AC$8*$Z10)+'LINEST VARS'!$I$50*($AC$8*4)+'LINEST VARS'!$H$50*($AC$8*0.5)+'LINEST VARS'!$G$50*($AC$8*12.73)+'LINEST VARS'!$F$50*($Z10*4)+'LINEST VARS'!$E$50*($Z10*0.5)+'LINEST VARS'!$D$50*($Z10*12.73)+'LINEST VARS'!$C$50*(4*0.5)+'LINEST VARS'!$B$50*(4*12.73)+'LINEST VARS'!$A$50*(0.5*12.73) -> 329.93 | AD10: ='LINEST VARS'!$U$50+'LINEST VARS'!$T$50*($AD$8)+'LINEST VARS'!$S$50*($Z10)+'LINEST VARS'!$R$50*(4)+'LINEST VARS'!$Q$50*(0.5)+'LINEST VARS'!$P$50*(12.73)+'LINEST VARS'!$O$50*($AD$8^2)+'LINEST VARS'!$N$50*($Z10^2)+'LINEST VARS'!$M$50*(4^2)+'LINEST VARS'!$L$50*(0.5^2)+'LINEST VARS'!$K$50*(12.73^2)+'LINEST VARS'!$J$50*($AD$8*$Z10)+'LINEST VARS'!$I$50*($AD$8*4)+'LINEST VARS'!$H$50*($AD$8*0.5)+'LINEST VARS'!$G$50*($AD$8*12.73)+'LINEST VARS'!$F$50*($Z10*4)+'LINEST VARS'!$E$50*($Z10*0.5)+'LINEST VARS'!$D$50*($Z10*12.73)+'LINEST VARS'!$C$50*(4*0.5)+'LINEST VARS'!$B$50*(4*12.73)+'LINEST VARS'!$A$50*(0.5*12.73) -> 330.02 | AE10: ='LINEST VARS'!$U$50+'LINEST VARS'!$T$50*($AE$8)+'LINEST VARS'!$S$50*($Z10)+'LINEST VARS'!$R$50*(4)+'LINEST VARS'!$Q$50*(0.5)+'LINEST VARS'!$P$50*(12.73)+'LINEST VARS'!$O$50*($AE$8^2)+'LINEST VARS'!$N$50*($Z10^2)+'LINEST VARS'!$M$50*(4^2)+'LINEST VARS'!$L$50*(0.5^2)+'LINEST VARS'!$K$50*(12.73^2)+'LINEST VARS'!$J$50*($AE$8*$Z10)+'LINEST VARS'!$I$50*($AE$8*4)+'LINEST VARS'!$H$50*($AE$8*0.5)+'LINEST VARS'!$G$50*($AE$8*12.73)+'LINEST VARS'!$F$50*($Z10*4)+'LINEST VARS'!$E$50*($Z10*0.5)+'LINEST VARS'!$D$50*($Z10*12.73)+'LINEST VARS'!$C$50*(4*0.5)+'LINEST VARS'!$B$50*(4*12.73)+'LINEST VARS'!$A$50*(0.5*12.73) -> 330.11 | AF10: ='LINEST VARS'!$U$50+'LINEST VARS'!$T$50*($AF$8)+'LINEST VARS'!$S$50*($Z10)+'LINEST VARS'!$R$50*(4)+'LINEST VARS'!$Q$50*(0.5)+'LINEST VARS'!$P$50*(12.73)+'LINEST VARS'!$O$50*($AF$8^2)+'LINEST VARS'!$N$50*($Z10^2)+'LINEST VARS'!$M$50*(4^2)+'LINEST VARS'!$L$50*(0.5^2)+'LINEST VARS'!$K$50*(12.73^2)+'LINEST VARS'!$J$50*($AF$8*$Z10)+'LINEST VARS'!$I$50*($AF$8*4)+'LINEST VARS'!$H$50*($AF$8*0.5)+'LINEST VARS'!$G$50*($AF$8*12.73)+'LINEST VARS'!$F$50*($Z10*4)+'LINEST VARS'!$E$50*($Z10*0.5)+'LINEST VARS'!$D$50*($Z10*12.73)+'LINEST VARS'!$C$50*(4*0.5)+'LINEST VARS'!$B$50*(4*12.73)+'LINEST VARS'!$A$50*(0.5*12.73) -> 330.2 | AG10: ='LINEST VARS'!$U$50+'LINEST VARS'!$T$50*($AG$8)+'LINEST VARS'!$S$50*($Z10)+'LINEST VARS'!$R$50*(4)+'LINEST VARS'!$Q$50*(0.5)+'LINEST VARS'!$P$50*(12.73)+'LINEST VARS'!$O$50*($AG$8^2)+'LINEST VARS'!$N$50*($Z10^2)+'LINEST VARS'!$M$50*(4^2)+'LINEST VARS'!$L$50*(0.5^2)+'LINEST VARS'!$K$50*(12.73^2)+'LINEST VARS'!$J$50*($AG$8*$Z10)+'LINEST VARS'!$I$50*($AG$8*4)+'LINEST VARS'!$H$50*($AG$8*0.5)+'LINEST VARS'!$G$50*($AG$8*12.73)+'LINEST VARS'!$F$50*($Z10*4)+'LINEST VARS'!$E$50*($Z10*0.5)+'LINEST VARS'!$D$50*($Z10*12.73)+'LINEST VARS'!$C$50*(4*0.5)+'LINEST VARS'!$B$50*(4*12.73)+'LINEST VARS'!$A$50*(0.5*12.73) -> 330.29 | AH10: ='LINEST VARS'!$U$50+'LINEST VARS'!$T$50*($AH$8)+'LINEST VARS'!$S$50*($Z10)+'LINEST VARS'!$R$50*(4)+'LINEST VARS'!$Q$50*(0.5)+'LINEST VARS'!$P$50*(12.73)+'LINEST VARS'!$O$50*($AH$8^2)+'LINEST VARS'!$N$50*($Z10^2)+'LINEST VARS'!$M$50*(4^2)+'LINEST VARS'!$L$50*(0.5^2)+'LINEST VARS'!$K$50*(12.73^2)+'LINEST VARS'!$J$50*($AH$8*$Z10)+'LINEST VARS'!$I$50*($AH$8*4)+'LINEST VARS'!$H$50*($AH$8*0.5)+'LINEST VARS'!$G$50*($AH$8*12.73)+'LINEST VARS'!$F$50*($Z10*4)+'LINEST VARS'!$E$50*($Z10*0.5)+'LINEST VARS'!$D$50*($Z10*12.73)+'LINEST VARS'!$C$50*(4*0.5)+'LINEST VARS'!$B$50*(4*12.73)+'LINEST VARS'!$A$50*(0.5*12.73) -> 330.38 | AI10: ='LINEST VARS'!$U$50+'LINEST VARS'!$T$50*($AI$8)+'LINEST VARS'!$S$50*($Z10)+'LINEST VARS'!$R$50*(4)+'LINEST VARS'!$Q$50*(0.5)+'LINEST VARS'!$P$50*(12.73)+'LINEST VARS'!$O$50*($AI$8^2)+'LINEST VARS'!$N$50*($Z10^2)+'LINEST VARS'!$M$50*(4^2)+'LINEST VARS'!$L$50*(0.5^2)+'LINEST VARS'!$K$50*(12.73^2)+'LINEST VARS'!$J$50*($AI$8*$Z10)+'LINEST VARS'!$I$50*($AI$8*4)+'LINEST VARS'!$H$50*($AI$8*0.5)+'LINEST VARS'!$G$50*($AI$8*12.73)+'LINEST VARS'!$F$50*($Z10*4)+'LINEST VARS'!$E$50*($Z10*0.5)+'LINEST VARS'!$D$50*($Z10*12.73)+'LINEST VARS'!$C$50*(4*0.5)+'LINEST VARS'!$B$50*(4*12.73)+'LINEST VARS'!$A$50*(0.5*12.73) -> 330.47 | AJ10: ='LINEST VARS'!$U$50+'LINEST VARS'!$T$50*($AJ$8)+'LINEST VARS'!$S$50*($Z10)+'LINEST VARS'!$R$50*(4)+'LINEST VARS'!$Q$50*(0.5)+'LINEST VARS'!$P$50*(12.73)+'LINEST VARS'!$O$50*($AJ$8^2)+'LINEST VARS'!$N$50*($Z10^2)+'LINEST VARS'!$M$50*(4^2)+'LINEST VARS'!$L$50*(0.5^2)+'LINEST VARS'!$K$50*(12.73^2)+'LINEST VARS'!$J$50*($AJ$8*$Z10)+'LINEST VARS'!$I$50*($AJ$8*4)+'LINEST VARS'!$H$50*($AJ$8*0.5)+'LINEST VARS'!$G$50*($AJ$8*12.73)+'LINEST VARS'!$F$50*($Z10*4)+'LINEST VARS'!$E$50*($Z10*0.5)+'LINEST VARS'!$D$50*($Z10*12.73)+'LINEST VARS'!$C$50*(4*0.5)+'LINEST VARS'!$B$50*(4*12.73)+'LINEST VARS'!$A$50*(0.5*12.73) -> 330.56 | AK10: ='LINEST VARS'!$U$50+'LINEST VARS'!$T$50*($AK$8)+'LINEST VARS'!$S$50*($Z10)+'LINEST VARS'!$R$50*(4)+'LINEST VARS'!$Q$50*(0.5)+'LINEST VARS'!$P$50*(12.73)+'LINEST VARS'!$O$50*($AK$8^2)+'LINEST VARS'!$N$50*($Z10^2)+'LINEST VARS'!$M$50*(4^2)+'LINEST VARS'!$L$50*(0.5^2)+'LINEST VARS'!$K$50*(12.73^2)+'LINEST VARS'!$J$50*($AK$8*$Z10)+'LINEST VARS'!$I$50*($AK$8*4)+'LINEST VARS'!$H$50*($AK$8*0.5)+'LINEST VARS'!$G$50*($AK$8*12.73)+'LINEST VARS'!$F$50*($Z10*4)+'LINEST VARS'!$E$50*($Z10*0.5)+'LINEST VARS'!$D$50*($Z10*12.73)+'LINEST VARS'!$C$50*(4*0.5)+'LINEST VARS'!$B$50*(4*12.73)+'LINEST VARS'!$A$50*(0.5*12.73) -> 330.65 | AL10: ='LINEST VARS'!$U$50+'LINEST VARS'!$T$50*($AL$8)+'LINEST VARS'!$S$50*($Z10)+'LINEST VARS'!$R$50*(4)+'LINEST VARS'!$Q$50*(0.5)+'LINEST VARS'!$P$50*(12.73)+'LINEST VARS'!$O$50*($AL$8^2)+'LINEST VARS'!$N$50*($Z10^2)+'LINEST VARS'!$M$50*(4^2)+'LINEST VARS'!$L$50*(0.5^2)+'LINEST VARS'!$K$50*(12.73^2)+'LINEST VARS'!$J$50*($AL$8*$Z10)+'LINEST VARS'!$I$50*($AL$8*4)+'LINEST VARS'!$H$50*($AL$8*0.5)+'LINEST VARS'!$G$50*($AL$8*12.73)+'LINEST VARS'!$F$50*($Z10*4)+'LINEST VARS'!$E$50*($Z10*0.5)+'LINEST VARS'!$D$50*($Z10*12.73)+'LINEST VARS'!$C$50*(4*0.5)+'LINEST VARS'!$B$50*(4*12.73)+'LINEST VARS'!$A$50*(0.5*12.73) -> 330.74 | AM10: ='LINEST VARS'!$U$50+'LINEST VARS'!$T$50*($AM$8)+'LINEST VARS'!$S$50*($Z10)+'LINEST VARS'!$R$50*(4)+'LINEST VARS'!$Q$50*(0.5)+'LINEST VARS'!$P$50*(12.73)+'LINEST VARS'!$O$50*($AM$8^2)+'LINEST VARS'!$N$50*($Z10^2)+'LINEST VARS'!$M$50*(4^2)+'LINEST VARS'!$L$50*(0.5^2)+'LINEST VARS'!$K$50*(12.73^2)+'LINEST VARS'!$J$50*($AM$8*$Z10)+'LINEST VARS'!$I$50*($AM$8*4)+'LINEST VARS'!$H$50*($AM$8*0.5)+'LINEST VARS'!$G$50*($AM$8*12.73)+'LINEST VARS'!$F$50*($Z10*4)+'LINEST VARS'!$E$50*($Z10*0.5)+'LINEST VARS'!$D$50*($Z10*12.73)+'LINEST VARS'!$C$50*(4*0.5)+'LINEST VARS'!$B$50*(4*12.73)+'LINEST VARS'!$A$50*(0.5*12.73) -> 330.83 | AN10: ='LINEST VARS'!$U$50+'LINEST VARS'!$T$50*($AN$8)+'LINEST VARS'!$S$50*($Z10)+'LINEST VARS'!$R$50*(4)+'LINEST VARS'!$Q$50*(0.5)+'LINEST VARS'!$P$50*(12.73)+'LINEST VARS'!$O$50*($AN$8^2)+'LINEST VARS'!$N$50*($Z10^2)+'LINEST VARS'!$M$50*(4^2)+'LINEST VARS'!$L$50*(0.5^2)+'LINEST VARS'!$K$50*(12.73^2)+'LINEST VARS'!$J$50*($AN$8*$Z10)+'LINEST VARS'!$I$50*($AN$8*4)+'LINEST VARS'!$H$50*($AN$8*0.5)+'LINEST VARS'!$G$50*($AN$8*12.73)+'LINEST VARS'!$F$50*($Z10*4)+'LINEST VARS'!$E$50*($Z10*0.5)+'LINEST VARS'!$D$50*($Z10*12.73)+'LINEST VARS'!$C$50*(4*0.5)+'LINEST VARS'!$B$50*(4*12.73)+'LINEST VARS'!$A$50*(0.5*12.73) -> 330.92 | AO10: ='LINEST VARS'!$U$50+'LINEST VARS'!$T$50*($AO$8)+'LINEST VARS'!$S$50*($Z10)+'LINEST VARS'!$R$50*(4)+'LINEST VARS'!$Q$50*(0.5)+'LINEST VARS'!$P$50*(12.73)+'LINEST VARS'!$O$50*($AO$8^2)+'LINEST VARS'!$N$50*($Z10^2)+'LINEST VARS'!$M$50*(4^2)+'LINEST VARS'!$L$50*(0.5^2)+'LINEST VARS'!$K$50*(12.73^2)+'LINEST VARS'!$J$50*($AO$8*$Z10)+'LINEST VARS'!$I$50*($AO$8*4)+'LINEST VARS'!$H$50*($AO$8*0.5)+'LINEST VARS'!$G$50*($AO$8*12.73)+'LINEST VARS'!$F$50*($Z10*4)+'LINEST VARS'!$E$50*($Z10*0.5)+'LINEST VARS'!$D$50*($Z10*12.73)+'LINEST VARS'!$C$50*(4*0.5)+'LINEST VARS'!$B$50*(4*12.73)+'LINEST VARS'!$A$50*(0.5*12.73) -> 331.01 | AP10: ='LINEST VARS'!$U$50+'LINEST VARS'!$T$50*($AP$8)+'LINEST VARS'!$S$50*($Z10)+'LINEST VARS'!$R$50*(4)+'LINEST VARS'!$Q$50*(0.5)+'LINEST VARS'!$P$50*(12.73)+'LINEST VARS'!$O$50*($AP$8^2)+'LINEST VARS'!$N$50*($Z10^2)+'LINEST VARS'!$M$50*(4^2)+'LINEST VARS'!$L$50*(0.5^2)+'LINEST VARS'!$K$50*(12.73^2)+'LINEST VARS'!$J$50*($AP$8*$Z10)+'LINEST VARS'!$I$50*($AP$8*4)+'LINEST VARS'!$H$50*($AP$8*0.5)+'LINEST VARS'!$G$50*($AP$8*12.73)+'LINEST VARS'!$F$50*($Z10*4)+'LINEST VARS'!$E$50*($Z10*0.5)+'LINEST VARS'!$D$50*($Z10*12.73)+'LINEST VARS'!$C$50*(4*0.5)+'LINEST VARS'!$B$50*(4*12.73)+'LINEST VARS'!$A$50*(0.5*12.73) -> 331.1 | AQ10: ='LINEST VARS'!$U$50+'LINEST VARS'!$T$50*($AQ$8)+'LINEST VARS'!$S$50*($Z10)+'LINEST VARS'!$R$50*(4)+'LINEST VARS'!$Q$50*(0.5)+'LINEST VARS'!$P$50*(12.73)+'LINEST VARS'!$O$50*($AQ$8^2)+'LINEST VARS'!$N$50*($Z10^2)+'LINEST VARS'!$M$50*(4^2)+'LINEST VARS'!$L$50*(0.5^2)+'LINEST VARS'!$K$50*(12.73^2)+'LINEST VARS'!$J$50*($AQ$8*$Z10)+'LINEST VARS'!$I$50*($AQ$8*4)+'LINEST VARS'!$H$50*($AQ$8*0.5)+'LINEST VARS'!$G$50*($AQ$8*12.73)+'LINEST VARS'!$F$50*($Z10*4)+'LINEST VARS'!$E$50*($Z10*0.5)+'LINEST VARS'!$D$50*($Z10*12.73)+'LINEST VARS'!$C$50*(4*0.5)+'LINEST VARS'!$B$50*(4*12.73)+'LINEST VARS'!$A$50*(0.5*12.73) -> 331.19 | AR10: ='LINEST VARS'!$U$50+'LINEST VARS'!$T$50*($AR$8)+'LINEST VARS'!$S$50*($Z10)+'LINEST VARS'!$R$50*(4)+'LINEST VARS'!$Q$50*(0.5)+'LINEST VARS'!$P$50*(12.73)+'LINEST VARS'!$O$50*($AR$8^2)+'LINEST VARS'!$N$50*($Z10^2)+'LINEST VARS'!$M$50*(4^2)+'LINEST VARS'!$L$50*(0.5^2)+'LINEST VARS'!$K$50*(12.73^2)+'LINEST VARS'!$J$50*($AR$8*$Z10)+'LINEST VARS'!$I$50*($AR$8*4)+'LINEST VARS'!$H$50*($AR$8*0.5)+'LINEST VARS'!$G$50*($AR$8*12.73)+'LINEST VARS'!$F$50*($Z10*4)+'LINEST VARS'!$E$50*($Z10*0.5)+'LINEST VARS'!$D$50*($Z10*12.73)+'LINEST VARS'!$C$50*(4*0.5)+'LINEST VARS'!$B$50*(4*12.73)+'LINEST VARS'!$A$50*(0.5*12.73) -> 331.28 | AS10: ='LINEST VARS'!$U$50+'LINEST VARS'!$T$50*($AS$8)+'LINEST VARS'!$S$50*($Z10)+'LINEST VARS'!$R$50*(4)+'LINEST VARS'!$Q$50*(0.5)+'LINEST VARS'!$P$50*(12.73)+'LINEST VARS'!$O$50*($AS$8^2)+'LINEST VARS'!$N$50*($Z10^2)+'LINEST VARS'!$M$50*(4^2)+'LINEST VARS'!$L$50*(0.5^2)+'LINEST VARS'!$K$50*(12.73^2)+'LINEST VARS'!$J$50*($AS$8*$Z10)+'LINEST VARS'!$I$50*($AS$8*4)+'LINEST VARS'!$H$50*($AS$8*0.5)+'LINEST VARS'!$G$50*($AS$8*12.73)+'LINEST VARS'!$F$50*($Z10*4)+'LINEST VARS'!$E$50*($Z10*0.5)+'LINEST VARS'!$D$50*($Z10*12.73)+'LINEST VARS'!$C$50*(4*0.5)+'LINEST VARS'!$B$50*(4*12.73)+'LINEST VARS'!$A$50*(0.5*12.73) -> 331.37 | AT10: ='LINEST VARS'!$U$50+'LINEST VARS'!$T$50*($AT$8)+'LINEST VARS'!$S$50*($Z10)+'LINEST VARS'!$R$50*(4)+'LINEST VARS'!$Q$50*(0.5)+'LINEST VARS'!$P$50*(12.73)+'LINEST VARS'!$O$50*($AT$8^2)+'LINEST VARS'!$N$50*($Z10^2)+'LINEST VARS'!$M$50*(4^2)+'LINEST VARS'!$L$50*(0.5^2)+'LINEST VARS'!$K$50*(12.73^2)+'LINEST VARS'!$J$50*($AT$8*$Z10)+'LINEST VARS'!$I$50*($AT$8*4)+'LINEST VARS'!$H$50*($AT$8*0.5)+'LINEST VARS'!$G$50*($AT$8*12.73)+'LINEST VARS'!$F$50*($Z10*4)+'LINEST VARS'!$E$50*($Z10*0.5)+'LINEST VARS'!$D$50*($Z10*12.73)+'LINEST VARS'!$C$50*(4*0.5)+'LINEST VARS'!$B$50*(4*12.73)+'LINEST VARS'!$A$50*(0.5*12.73) -> 331.46 | AU10: ='LINEST VARS'!$U$50+'LINEST VARS'!$T$50*($AU$8)+'LINEST VARS'!$S$50*($Z10)+'LINEST VARS'!$R$50*(4)+'LINEST VARS'!$Q$50*(0.5)+'LINEST VARS'!$P$50*(12.73)+'LINEST VARS'!$O$50*($AU$8^2)+'LINEST VARS'!$N$50*($Z10^2)+'LINEST VARS'!$M$50*(4^2)+'LINEST VARS'!$L$50*(0.5^2)+'LINEST VARS'!$K$50*(12.73^2)+'LINEST VARS'!$J$50*($AU$8*$Z10)+'LINEST VARS'!$I$50*($AU$8*4)+'LINEST VARS'!$H$50*($AU$8*0.5)+'LINEST VARS'!$G$50*($AU$8*12.73)+'LINEST VARS'!$F$50*($Z10*4)+'LINEST VARS'!$E$50*($Z10*0.5)+'LINEST VARS'!$D$50*($Z10*12.73)+'LINEST VARS'!$C$50*(4*0.5)+'LINEST VARS'!$B$50*(4*12.73)+'LINEST VARS'!$A$50*(0.5*12.73) -> 331.55 | AZ10: 0.05 | BA10: ='LINEST VARS'!$U$48+'LINEST VARS'!$T$48*(8)+'LINEST VARS'!$S$48*(8)+'LINEST VARS'!$R$48*($BA$8)+'LINEST VARS'!$Q$48*($AZ10)+'LINEST VARS'!$P$48*(12.73)+'LINEST VARS'!$O$48*(8^2)+'LINEST VARS'!$N$48*(8^2)+'LINEST VARS'!$M$48*($BA$8^2)+'LINEST VARS'!$L$48*($AZ10^2)+'LINEST VARS'!$K$48*(12.73^2)+'LINEST VARS'!$J$48*(8*8)+'LINEST VARS'!$I$48*(8*$BA$8)+'LINEST VARS'!$H$48*(8*$AZ10)+'LINEST VARS'!$G$48*(8*12.73)+'LINEST VARS'!$F$48*(8*$BA$8)+'LINEST VARS'!$E$48*(8*$AZ10)+'LINEST VARS'!$D$48*(8*12.73)+'LINEST VARS'!$C$48*($BA$8*$AZ10)+'LINEST VARS'!$B$48*($BA$8*12.73)+'LINEST VARS'!$A$48*($AZ10*12.73) -> 370 | BB10: ='LINEST VARS'!$U$48+'LINEST VARS'!$T$48*(8)+'LINEST VARS'!$S$48*(8)+'LINEST VARS'!$R$48*($BB$8)+'LINEST VARS'!$Q$48*($AZ10)+'LINEST VARS'!$P$48*(12.73)+'LINEST VARS'!$O$48*(8^2)+'LINEST VARS'!$N$48*(8^2)+'LINEST VARS'!$M$48*($BB$8^2)+'LINEST VARS'!$L$48*($AZ10^2)+'LINEST VARS'!$K$48*(12.73^2)+'LINEST VARS'!$J$48*(8*8)+'LINEST VARS'!$I$48*(8*$BB$8)+'LINEST VARS'!$H$48*(8*$AZ10)+'LINEST VARS'!$G$48*(8*12.73)+'LINEST VARS'!$F$48*(8*$BB$8)+'LINEST VARS'!$E$48*(8*$AZ10)+'LINEST VARS'!$D$48*(8*12.73)+'LINEST VARS'!$C$48*($BB$8*$AZ10)+'LINEST VARS'!$B$48*($BB$8*12.73)+'LINEST VARS'!$A$48*($AZ10*12.73) -> 370 | BC10: ='LINEST VARS'!$U$48+'LINEST VARS'!$T$48*(8)+'LINEST VARS'!$S$48*(8)+'LINEST VARS'!$R$48*($BC$8)+'LINEST VARS'!$Q$48*($AZ10)+'LINEST VARS'!$P$48*(12.73)+'LINEST VARS'!$O$48*(8^2)+'LINEST VARS'!$N$48*(8^2)+'LINEST VARS'!$M$48*($BC$8^2)+'LINEST VARS'!$L$48*($AZ10^2)+'LINEST VARS'!$K$48*(12.73^2)+'LINEST VARS'!$J$48*(8*8)+'LINEST VARS'!$I$48*(8*$BC$8)+'LINEST VARS'!$H$48*(8*$AZ10)+'LINEST VARS'!$G$48*(8*12.73)+'LINEST VARS'!$F$48*(8*$BC$8)+'LINEST VARS'!$E$48*(8*$AZ10)+'LINEST VARS'!$D$48*(8*12.73)+'LINEST VARS'!$C$48*($BC$8*$AZ10)+'LINEST VARS'!$B$48*($BC$8*12.73)+'LINEST VARS'!$A$48*($AZ10*12.73) -> 370 | BD10: ='LINEST VARS'!$U$48+'LINEST VARS'!$T$48*(8)+'LINEST VARS'!$S$48*(8)+'LINEST VARS'!$R$48*($BD$8)+'LINEST VARS'!$Q$48*($AZ10)+'LINEST VARS'!$P$48*(12.73)+'LINEST VARS'!$O$48*(8^2)+'LINEST VARS'!$N$48*(8^2)+'LINEST VARS'!$M$48*($BD$8^2)+'LINEST VARS'!$L$48*($AZ10^2)+'LINEST VARS'!$K$48*(12.73^2)+'LINEST VARS'!$J$48*(8*8)+'LINEST VARS'!$I$48*(8*$BD$8)+'LINEST VARS'!$H$48*(8*$AZ10)+'LINEST VARS'!$G$48*(8*12.73)+'LINEST VARS'!$F$48*(8*$BD$8)+'LINEST VARS'!$E$48*(8*$AZ10)+'LINEST VARS'!$D$48*(8*12.73)+'LINEST VARS'!$C$48*($BD$8*$AZ10)+'LINEST VARS'!$B$48*($BD$8*12.73)+'LINEST VARS'!$A$48*($AZ10*12.73) -> 370 | BE10: ='LINEST VARS'!$U$48+'LINEST VARS'!$T$48*(8)+'LINEST VARS'!$S$48*(8)+'LINEST VARS'!$R$48*($BE$8)+'LINEST VARS'!$Q$48*($AZ10)+'LINEST VARS'!$P$48*(12.73)+'LINEST VARS'!$O$48*(8^2)+'LINEST VARS'!$N$48*(8^2)+'LINEST VARS'!$M$48*($BE$8^2)+'LINEST VARS'!$L$48*($AZ10^2)+'LINEST VARS'!$K$48*(12.73^2)+'LINEST VARS'!$J$48*(8*8)+'LINEST VARS'!$I$48*(8*$BE$8)+'LINEST VARS'!$H$48*(8*$AZ10)+'LINEST VARS'!$G$48*(8*12.73)+'LINEST VARS'!$F$48*(8*$BE$8)+'LINEST VARS'!$E$48*(8*$AZ10)+'LINEST VARS'!$D$48*(8*12.73)+'LINEST VARS'!$C$48*($BE$8*$AZ10)+'LINEST VARS'!$B$48*($BE$8*12.73)+'LINEST VARS'!$A$48*($AZ10*12.73) -> 370 | BF10: ='LINEST VARS'!$U$48+'LINEST VARS'!$T$48*(8)+'LINEST VARS'!$S$48*(8)+'LINEST VARS'!$R$48*($BF$8)+'LINEST VARS'!$Q$48*($AZ10)+'LINEST VARS'!$P$48*(12.73)+'LINEST VARS'!$O$48*(8^2)+'LINEST VARS'!$N$48*(8^2)+'LINEST VARS'!$M$48*($BF$8^2)+'LINEST VARS'!$L$48*($AZ10^2)+'LINEST VARS'!$K$48*(12.73^2)+'LINEST VARS'!$J$48*(8*8)+'LINEST VARS'!$I$48*(8*$BF$8)+'LINEST VARS'!$H$48*(8*$AZ10)+'LINEST VARS'!$G$48*(8*12.73)+'LINEST VARS'!$F$48*(8*$BF$8)+'LINEST VARS'!$E$48*(8*$AZ10)+'LINEST VARS'!$D$48*(8*12.73)+'LINEST VARS'!$C$48*($BF$8*$AZ10)+'LINEST VARS'!$B$48*($BF$8*12.73)+'LINEST VARS'!$A$48*($AZ10*12.73) -> 370 | BG10: ='LINEST VARS'!$U$48+'LINEST VARS'!$T$48*(8)+'LINEST VARS'!$S$48*(8)+'LINEST VARS'!$R$48*($BG$8)+'LINEST VARS'!$Q$48*($AZ10)+'LINEST VARS'!$P$48*(12.73)+'LINEST VARS'!$O$48*(8^2)+'LINEST VARS'!$N$48*(8^2)+'LINEST VARS'!$M$48*($BG$8^2)+'LINEST VARS'!$L$48*($AZ10^2)+'LINEST VARS'!$K$48*(12.73^2)+'LINEST VARS'!$J$48*(8*8)+'LINEST VARS'!$I$48*(8*$BG$8)+'LINEST VARS'!$H$48*(8*$AZ10)+'LINEST VARS'!$G$48*(8*12.73)+'LINEST VARS'!$F$48*(8*$BG$8)+'LINEST VARS'!$E$48*(8*$AZ10)+'LINEST VARS'!$D$48*(8*12.73)+'LINEST VARS'!$C$48*($BG$8*$AZ10)+'LINEST VARS'!$B$48*($BG$8*12.73)+'LINEST VARS'!$A$48*($AZ10*12.73) -> 370 | BH10: ='LINEST VARS'!$U$48+'LINEST VARS'!$T$48*(8)+'LINEST VARS'!$S$48*(8)+'LINEST VARS'!$R$48*($BH$8)+'LINEST VARS'!$Q$48*($AZ10)+'LINEST VARS'!$P$48*(12.73)+'LINEST VARS'!$O$48*(8^2)+'LINEST VARS'!$N$48*(8^2)+'LINEST VARS'!$M$48*($BH$8^2)+'LINEST VARS'!$L$48*($AZ10^2)+'LINEST VARS'!$K$48*(12.73^2)+'LINEST VARS'!$J$48*(8*8)+'LINEST VARS'!$I$48*(8*$BH$8)+'LINEST VARS'!$H$48*(8*$AZ10)+'LINEST VARS'!$G$48*(8*12.73)+'LINEST VARS'!$F$48*(8*$BH$8)+'LINEST VARS'!$E$48*(8*$AZ10)+'LINEST VARS'!$D$48*(8*12.73)+'LINEST VARS'!$C$48*($BH$8*$AZ10)+'LINEST VARS'!$B$48*($BH$8*12.73)+'LINEST VARS'!$A$48*($AZ10*12.73) -> 370 | BI10: ='LINEST VARS'!$U$48+'LINEST VARS'!$T$48*(8)+'LINEST VARS'!$S$48*(8)+'LINEST VARS'!$R$48*($BI$8)+'LINEST VARS'!$Q$48*($AZ10)+'LINEST VARS'!$P$48*(12.73)+'LINEST VARS'!$O$48*(8^2)+'LINEST VARS'!$N$48*(8^2)+'LINEST VARS'!$M$48*($BI$8^2)+'LINEST VARS'!$L$48*($AZ10^2)+'LINEST VARS'!$K$48*(12.73^2)+'LINEST VARS'!$J$48*(8*8)+'LINEST VARS'!$I$48*(8*$BI$8)+'LINEST VARS'!$H$48*(8*$AZ10)+'LINEST VARS'!$G$48*(8*12.73)+'LINEST VARS'!$F$48*(8*$BI$8)+'LINEST VARS'!$E$48*(8*$AZ10)+'LINEST VARS'!$D$48*(8*12.73)+'LINEST VARS'!$C$48*($BI$8*$AZ10)+'LINEST VARS'!$B$48*($BI$8*12.73)+'LINEST VARS'!$A$48*($AZ10*12.73) -> 370 | BJ10: ='LINEST VARS'!$U$48+'LINEST VARS'!$T$48*(8)+'LINEST VARS'!$S$48*(8)+'LINEST VARS'!$R$48*($BJ$8)+'LINEST VARS'!$Q$48*($AZ10)+'LINEST VARS'!$P$48*(12.73)+'LINEST VARS'!$O$48*(8^2)+'LINEST VARS'!$N$48*(8^2)+'LINEST VARS'!$M$48*($BJ$8^2)+'LINEST VARS'!$L$48*($AZ10^2)+'LINEST VARS'!$K$48*(12.73^2)+'LINEST VARS'!$J$48*(8*8)+'LINEST VARS'!$I$48*(8*$BJ$8)+'LINEST VARS'!$H$48*(8*$AZ10)+'LINEST VARS'!$G$48*(8*12.73)+'LINEST VARS'!$F$48*(8*$BJ$8)+'LINEST VARS'!$E$48*(8*$AZ10)+'LINEST VARS'!$D$48*(8*12.73)+'LINEST VARS'!$C$48*($BJ$8*$AZ10)+'LINEST VARS'!$B$48*($BJ$8*12.73)+'LINEST VARS'!$A$48*($AZ10*12.73) -> 370 | BK10: ='LINEST VARS'!$U$48+'LINEST VARS'!$T$48*(8)+'LINEST VARS'!$S$48*(8)+'LINEST VARS'!$R$48*($BK$8)+'LINEST VARS'!$Q$48*($AZ10)+'LINEST VARS'!$P$48*(12.73)+'LINEST VARS'!$O$48*(8^2)+'LINEST VARS'!$N$48*(8^2)+'LINEST VARS'!$M$48*($BK$8^2)+'LINEST VARS'!$L$48*($AZ10^2)+'LINEST VARS'!$K$48*(12.73^2)+'LINEST VARS'!$J$48*(8*8)+'LINEST VARS'!$I$48*(8*$BK$8)+'LINEST VARS'!$H$48*(8*$AZ10)+'LINEST VARS'!$G$48*(8*12.73)+'LINEST VARS'!$F$48*(8*$BK$8)+'LINEST VARS'!$E$48*(8*$AZ10)+'LINEST VARS'!$D$48*(8*12.73)+'LINEST VARS'!$C$48*($BK$8*$AZ10)+'LINEST VARS'!$B$48*($BK$8*12.73)+'LINEST VARS'!$A$48*($AZ10*12.73) -> 370 | BL10: ='LINEST VARS'!$U$48+'LINEST VARS'!$T$48*(8)+'LINEST VARS'!$S$48*(8)+'LINEST VARS'!$R$48*($BL$8)+'LINEST VARS'!$Q$48*($AZ10)+'LINEST VARS'!$P$48*(12.73)+'LINEST VARS'!$O$48*(8^2)+'LINEST VARS'!$N$48*(8^2)+'LINEST VARS'!$M$48*($BL$8^2)+'LINEST VARS'!$L$48*($AZ10^2)+'LINEST VARS'!$K$48*(12.73^2)+'LINEST VARS'!$J$48*(8*8)+'LINEST VARS'!$I$48*(8*$BL$8)+'LINEST VARS'!$H$48*(8*$AZ10)+'LINEST VARS'!$G$48*(8*12.73)+'LINEST VARS'!$F$48*(8*$BL$8)+'LINEST VARS'!$E$48*(8*$AZ10)+'LINEST VARS'!$D$48*(8*12.73)+'LINEST VARS'!$C$48*($BL$8*$AZ10)+'LINEST VARS'!$B$48*($BL$8*12.73)+'LINEST VARS'!$A$48*($AZ10*12.73) -> 370 | BM10: ='LINEST VARS'!$U$48+'LINEST VARS'!$T$48*(8)+'LINEST VARS'!$S$48*(8)+'LINEST VARS'!$R$48*($BM$8)+'LINEST VARS'!$Q$48*($AZ10)+'LINEST VARS'!$P$48*(12.73)+'LINEST VARS'!$O$48*(8^2)+'LINEST VARS'!$N$48*(8^2)+'LINEST VARS'!$M$48*($BM$8^2)+'LINEST VARS'!$L$48*($AZ10^2)+'LINEST VARS'!$K$48*(12.73^2)+'LINEST VARS'!$J$48*(8*8)+'LINEST VARS'!$I$48*(8*$BM$8)+'LINEST VARS'!$H$48*(8*$AZ10)+'LINEST VARS'!$G$48*(8*12.73)+'LINEST VARS'!$F$48*(8*$BM$8)+'LINEST VARS'!$E$48*(8*$AZ10)+'LINEST VARS'!$D$48*(8*12.73)+'LINEST VARS'!$C$48*($BM$8*$AZ10)+'LINEST VARS'!$B$48*($BM$8*12.73)+'LINEST VARS'!$A$48*($AZ10*12.73) -> 370 | BN10: ='LINEST VARS'!$U$48+'LINEST VARS'!$T$48*(8)+'LINEST VARS'!$S$48*(8)+'LINEST VARS'!$R$48*($BN$8)+'LINEST VARS'!$Q$48*($AZ10)+'LINEST VARS'!$P$48*(12.73)+'LINEST VARS'!$O$48*(8^2)+'LINEST VARS'!$N$48*(8^2)+'LINEST VARS'!$M$48*($BN$8^2)+'LINEST VARS'!$L$48*($AZ10^2)+'LINEST VARS'!$K$48*(12.73^2)+'LINEST VARS'!$J$48*(8*8)+'LINEST VARS'!$I$48*(8*$BN$8)+'LINEST VARS'!$H$48*(8*$AZ10)+'LINEST VARS'!$G$48*(8*12.73)+'LINEST VARS'!$F$48*(8*$BN$8)+'LINEST VARS'!$E$48*(8*$AZ10)+'LINEST VARS'!$D$48*(8*12.73)+'LINEST VARS'!$C$48*($BN$8*$AZ10)+'LINEST VARS'!$B$48*($BN$8*12.73)+'LINEST VARS'!$A$48*($AZ10*12.73) -> 370 | BO10: ='LINEST VARS'!$U$48+'LINEST VARS'!$T$48*(8)+'LINEST VARS'!$S$48*(8)+'LINEST VARS'!$R$48*($BO$8)+'LINEST VARS'!$Q$48*($AZ10)+'LINEST VARS'!$P$48*(12.73)+'LINEST VARS'!$O$48*(8^2)+'LINEST VARS'!$N$48*(8^2)+'LINEST VARS'!$M$48*($BO$8^2)+'LINEST VARS'!$L$48*($AZ10^2)+'LINEST VARS'!$K$48*(12.73^2)+'LINEST VARS'!$J$48*(8*8)+'LINEST VARS'!$I$48*(8*$BO$8)+'LINEST VARS'!$H$48*(8*$AZ10)+'LINEST VARS'!$G$48*(8*12.73)+'LINEST VARS'!$F$48*(8*$BO$8)+'LINEST VARS'!$E$48*(8*$AZ10)+'LINEST VARS'!$D$48*(8*12.73)+'LINEST VARS'!$C$48*($BO$8*$AZ10)+'LINEST VARS'!$B$48*($BO$8*12.73)+'LINEST VARS'!$A$48*($AZ10*12.73) -> 370 | BP10: ='LINEST VARS'!$U$48+'LINEST VARS'!$T$48*(8)+'LINEST VARS'!$S$48*(8)+'LINEST VARS'!$R$48*($BP$8)+'LINEST VARS'!$Q$48*($AZ10)+'LINEST VARS'!$P$48*(12.73)+'LINEST VARS'!$O$48*(8^2)+'LINEST VARS'!$N$48*(8^2)+'LINEST VARS'!$M$48*($BP$8^2)+'LINEST VARS'!$L$48*($AZ10^2)+'LINEST VARS'!$K$48*(12.73^2)+'LINEST VARS'!$J$48*(8*8)+'LINEST VARS'!$I$48*(8*$BP$8)+'LINEST VARS'!$H$48*(8*$AZ10)+'LINEST VARS'!$G$48*(8*12.73)+'LINEST VARS'!$F$48*(8*$BP$8)+'LINEST VARS'!$E$48*(8*$AZ10)+'LINEST VARS'!$D$48*(8*12.73)+'LINEST VARS'!$C$48*($BP$8*$AZ10)+'LINEST VARS'!$B$48*($BP$8*12.73)+'LINEST VARS'!$A$48*($AZ10*12.73) -> 370 | BQ10: ='LINEST VARS'!$U$48+'LINEST VARS'!$T$48*(8)+'LINEST VARS'!$S$48*(8)+'LINEST VARS'!$R$48*($BQ$8)+'LINEST VARS'!$Q$48*($AZ10)+'LINEST VARS'!$P$48*(12.73)+'LINEST VARS'!$O$48*(8^2)+'LINEST VARS'!$N$48*(8^2)+'LINEST VARS'!$M$48*($BQ$8^2)+'LINEST VARS'!$L$48*($AZ10^2)+'LINEST VARS'!$K$48*(12.73^2)+'LINEST VARS'!$J$48*(8*8)+'LINEST VARS'!$I$48*(8*$BQ$8)+'LINEST VARS'!$H$48*(8*$AZ10)+'LINEST VARS'!$G$48*(8*12.73)+'LINEST VARS'!$F$48*(8*$BQ$8)+'LINEST VARS'!$E$48*(8*$AZ10)+'LINEST VARS'!$D$48*(8*12.73)+'LINEST VARS'!$C$48*($BQ$8*$AZ10)+'LINEST VARS'!$B$48*($BQ$8*12.73)+'LINEST VARS'!$A$48*($AZ10*12.73) -> 370 | BR10: ='LINEST VARS'!$U$48+'LINEST VARS'!$T$48*(8)+'LINEST VARS'!$S$48*(8)+'LINEST VARS'!$R$48*($BR$8)+'LINEST VARS'!$Q$48*($AZ10)+'LINEST VARS'!$P$48*(12.73)+'LINEST VARS'!$O$48*(8^2)+'LINEST VARS'!$N$48*(8^2)+'LINEST VARS'!$M$48*($BR$8^2)+'LINEST VARS'!$L$48*($AZ10^2)+'LINEST VARS'!$K$48*(12.73^2)+'LINEST VARS'!$J$48*(8*8)+'LINEST VARS'!$I$48*(8*$BR$8)+'LINEST VARS'!$H$48*(8*$AZ10)+'LINEST VARS'!$G$48*(8*12.73)+'LINEST VARS'!$F$48*(8*$BR$8)+'LINEST VARS'!$E$48*(8*$AZ10)+'LINEST VARS'!$D$48*(8*12.73)+'LINEST VARS'!$C$48*($BR$8*$AZ10)+'LINEST VARS'!$B$48*($BR$8*12.73)+'LINEST VARS'!$A$48*($AZ10*12.73) -> 370 | BS10: ='LINEST VARS'!$U$48+'LINEST VARS'!$T$48*(8)+'LINEST VARS'!$S$48*(8)+'LINEST VARS'!$R$48*($BS$8)+'LINEST VARS'!$Q$48*($AZ10)+'LINEST VARS'!$P$48*(12.73)+'LINEST VARS'!$O$48*(8^2)+'LINEST VARS'!$N$48*(8^2)+'LINEST VARS'!$M$48*($BS$8^2)+'LINEST VARS'!$L$48*($AZ10^2)+'LINEST VARS'!$K$48*(12.73^2)+'LINEST VARS'!$J$48*(8*8)+'LINEST VARS'!$I$48*(8*$BS$8)+'LINEST VARS'!$H$48*(8*$AZ10)+'LINEST VARS'!$G$48*(8*12.73)+'LINEST VARS'!$F$48*(8*$BS$8)+'LINEST VARS'!$E$48*(8*$AZ10)+'LINEST VARS'!$D$48*(8*12.73)+'LINEST VARS'!$C$48*($BS$8*$AZ10)+'LINEST VARS'!$B$48*($BS$8*12.73)+'LINEST VARS'!$A$48*($AZ10*12.73) -> 370 | BT10: ='LINEST VARS'!$U$48+'LINEST VARS'!$T$48*(8)+'LINEST VARS'!$S$48*(8)+'LINEST VARS'!$R$48*($BT$8)+'LINEST VARS'!$Q$48*($AZ10)+'LINEST VARS'!$P$48*(12.73)+'LINEST VARS'!$O$48*(8^2)+'LINEST VARS'!$N$48*(8^2)+'LINEST VARS'!$M$48*($BT$8^2)+'LINEST VARS'!$L$48*($AZ10^2)+'LINEST VARS'!$K$48*(12.73^2)+'LINEST VARS'!$J$48*(8*8)+'LINEST VARS'!$I$48*(8*$BT$8)+'LINEST VARS'!$H$48*(8*$AZ10)+'LINEST VARS'!$G$48*(8*12.73)+'LINEST VARS'!$F$48*(8*$BT$8)+'LINEST VARS'!$E$48*(8*$AZ10)+'LINEST VARS'!$D$48*(8*12.73)+'LINEST VARS'!$C$48*($BT$8*$AZ10)+'LINEST VARS'!$B$48*($BT$8*12.73)+'LINEST VARS'!$A$48*($AZ10*12.73) -> 370 | BU10: ='LINEST VARS'!$U$48+'LINEST VARS'!$T$48*(8)+'LINEST VARS'!$S$48*(8)+'LINEST VARS'!$R$48*($BU$8)+'LINEST VARS'!$Q$48*($AZ10)+'LINEST VARS'!$P$48*(12.73)+'LINEST VARS'!$O$48*(8^2)+'LINEST VARS'!$N$48*(8^2)+'LINEST VARS'!$M$48*($BU$8^2)+'LINEST VARS'!$L$48*($AZ10^2)+'LINEST VARS'!$K$48*(12.73^2)+'LINEST VARS'!$J$48*(8*8)+'LINEST VARS'!$I$48*(8*$BU$8)+'LINEST VARS'!$H$48*(8*$AZ10)+'LINEST VARS'!$G$48*(8*12.73)+'LINEST VARS'!$F$48*(8*$BU$8)+'LINEST VARS'!$E$48*(8*$AZ10)+'LINEST VARS'!$D$48*(8*12.73)+'LINEST VARS'!$C$48*($BU$8*$AZ10)+'LINEST VARS'!$B$48*($BU$8*12.73)+'LINEST VARS'!$A$48*($AZ10*12.73) -> 370 | BX10: 0.05 | BY10: ='LINEST VARS'!$U$50+'LINEST VARS'!$T$50*(8)+'LINEST VARS'!$S$50*(8)+'LINEST VARS'!$R$50*($BY$8)+'LINEST VARS'!$Q$50*($BX10)+'LINEST VARS'!$P$50*(12.73)+'LINEST VARS'!$O$50*(8^2)+'LINEST VARS'!$N$50*(8^2)+'LINEST VARS'!$M$50*($BY$8^2)+'LINEST VARS'!$L$50*($BX10^2)+'LINEST VARS'!$K$50*(12.73^2)+'LINEST VARS'!$J$50*(8*8)+'LINEST VARS'!$I$50*(8*$BY$8)+'LINEST VARS'!$H$50*(8*$BX10)+'LINEST VARS'!$G$50*(8*12.73)+'LINEST VARS'!$F$50*(8*$BY$8)+'LINEST VARS'!$E$50*(8*$BX10)+'LINEST VARS'!$D$50*(8*12.73)+'LINEST VARS'!$C$50*($BY$8*$BX10)+'LINEST VARS'!$B$50*($BY$8*12.73)+'LINEST VARS'!$A$50*($BX10*12.73) -> 332 | BZ10: ='LINEST VARS'!$U$50+'LINEST VARS'!$T$50*(8)+'LINEST VARS'!$S$50*(8)+'LINEST VARS'!$R$50*($BZ$8)+'LINEST VARS'!$Q$50*($BX10)+'LINEST VARS'!$P$50*(12.73)+'LINEST VARS'!$O$50*(8^2)+'LINEST VARS'!$N$50*(8^2)+'LINEST VARS'!$M$50*($BZ$8^2)+'LINEST VARS'!$L$50*($BX10^2)+'LINEST VARS'!$K$50*(12.73^2)+'LINEST VARS'!$J$50*(8*8)+'LINEST VARS'!$I$50*(8*$BZ$8)+'LINEST VARS'!$H$50*(8*$BX10)+'LINEST VARS'!$G$50*(8*12.73)+'LINEST VARS'!$F$50*(8*$BZ$8)+'LINEST VARS'!$E$50*(8*$BX10)+'LINEST VARS'!$D$50*(8*12.73)+'LINEST VARS'!$C$50*($BZ$8*$BX10)+'LINEST VARS'!$B$50*($BZ$8*12.73)+'LINEST VARS'!$A$50*($BX10*12.73) -> 332 | CA10: ='LINEST VARS'!$U$50+'LINEST VARS'!$T$50*(8)+'LINEST VARS'!$S$50*(8)+'LINEST VARS'!$R$50*($CA$8)+'LINEST VARS'!$Q$50*($BX10)+'LINEST VARS'!$P$50*(12.73)+'LINEST VARS'!$O$50*(8^2)+'LINEST VARS'!$N$50*(8^2)+'LINEST VARS'!$M$50*($CA$8^2)+'LINEST VARS'!$L$50*($BX10^2)+'LINEST VARS'!$K$50*(12.73^2)+'LINEST VARS'!$J$50*(8*8)+'LINEST VARS'!$I$50*(8*$CA$8)+'LINEST VARS'!$H$50*(8*$BX10)+'LINEST VARS'!$G$50*(8*12.73)+'LINEST VARS'!$F$50*(8*$CA$8)+'LINEST VARS'!$E$50*(8*$BX10)+'LINEST VARS'!$D$50*(8*12.73)+'LINEST VARS'!$C$50*($CA$8*$BX10)+'LINEST VARS'!$B$50*($CA$8*12.73)+'LINEST VARS'!$A$50*($BX10*12.73) -> 332 | CB10: ='LINEST VARS'!$U$50+'LINEST VARS'!$T$50*(8)+'LINEST VARS'!$S$50*(8)+'LINEST VARS'!$R$50*($CB$8)+'LINEST VARS'!$Q$50*($BX10)+'LINEST VARS'!$P$50*(12.73)+'LINEST VARS'!$O$50*(8^2)+'LINEST VARS'!$N$50*(8^2)+'LINEST VARS'!$M$50*($CB$8^2)+'LINEST VARS'!$L$50*($BX10^2)+'LINEST VARS'!$K$50*(12.73^2)+'LINEST VARS'!$J$50*(8*8)+'LINEST VARS'!$I$50*(8*$CB$8)+'LINEST VARS'!$H$50*(8*$BX10)+'LINEST VARS'!$G$50*(8*12.73)+'LINEST VARS'!$F$50*(8*$CB$8)+'LINEST VARS'!$E$50*(8*$BX10)+'LINEST VARS'!$D$50*(8*12.73)+'LINEST VARS'!$C$50*($CB$8*$BX10)+'LINEST VARS'!$B$50*($CB$8*12.73)+'LINEST VARS'!$A$50*($BX10*12.73) -> 332 | CC10: ='LINEST VARS'!$U$50+'LINEST VARS'!$T$50*(8)+'LINEST VARS'!$S$50*(8)+'LINEST VARS'!$R$50*($CC$8)+'LINEST VARS'!$Q$50*($BX10)+'LINEST VARS'!$P$50*(12.73)+'LINEST VARS'!$O$50*(8^2)+'LINEST VARS'!$N$50*(8^2)+'LINEST VARS'!$M$50*($CC$8^2)+'LINEST VARS'!$L$50*($BX10^2)+'LINEST VARS'!$K$50*(12.73^2)+'LINEST VARS'!$J$50*(8*8)+'LINEST VARS'!$I$50*(8*$CC$8)+'LINEST VARS'!$H$50*(8*$BX10)+'LINEST VARS'!$G$50*(8*12.73)+'LINEST VARS'!$F$50*(8*$CC$8)+'LINEST VARS'!$E$50*(8*$BX10)+'LINEST VARS'!$D$50*(8*12.73)+'LINEST VARS'!$C$50*($CC$8*$BX10)+'LINEST VARS'!$B$50*($CC$8*12.73)+'LINEST VARS'!$A$50*($BX10*12.73) -> 332 | CD10: ='LINEST VARS'!$U$50+'LINEST VARS'!$T$50*(8)+'LINEST VARS'!$S$50*(8)+'LINEST VARS'!$R$50*($CD$8)+'LINEST VARS'!$Q$50*($BX10)+'LINEST VARS'!$P$50*(12.73)+'LINEST VARS'!$O$50*(8^2)+'LINEST VARS'!$N$50*(8^2)+'LINEST VARS'!$M$50*($CD$8^2)+'LINEST VARS'!$L$50*($BX10^2)+'LINEST VARS'!$K$50*(12.73^2)+'LINEST VARS'!$J$50*(8*8)+'LINEST VARS'!$I$50*(8*$CD$8)+'LINEST VARS'!$H$50*(8*$BX10)+'LINEST VARS'!$G$50*(8*12.73)+'LINEST VARS'!$F$50*(8*$CD$8)+'LINEST VARS'!$E$50*(8*$BX10)+'LINEST VARS'!$D$50*(8*12.73)+'LINEST VARS'!$C$50*($CD$8*$BX10)+'LINEST VARS'!$B$50*($CD$8*12.73)+'LINEST VARS'!$A$50*($BX10*12.73) -> 332 | CE10: ='LINEST VARS'!$U$50+'LINEST VARS'!$T$50*(8)+'LINEST VARS'!$S$50*(8)+'LINEST VARS'!$R$50*($CE$8)+'LINEST VARS'!$Q$50*($BX10)+'LINEST VARS'!$P$50*(12.73)+'LINEST VARS'!$O$50*(8^2)+'LINEST VARS'!$N$50*(8^2)+'LINEST VARS'!$M$50*($CE$8^2)+'LINEST VARS'!$L$50*($BX10^2)+'LINEST VARS'!$K$50*(12.73^2)+'LINEST VARS'!$J$50*(8*8)+'LINEST VARS'!$I$50*(8*$CE$8)+'LINEST VARS'!$H$50*(8*$BX10)+'LINEST VARS'!$G$50*(8*12.73)+'LINEST VARS'!$F$50*(8*$CE$8)+'LINEST VARS'!$E$50*(8*$BX10)+'LINEST VARS'!$D$50*(8*12.73)+'LINEST VARS'!$C$50*($CE$8*$BX10)+'LINEST VARS'!$B$50*($CE$8*12.73)+'LINEST VARS'!$A$50*($BX10*12.73) -> 332 | CF10: ='LINEST VARS'!$U$50+'LINEST VARS'!$T$50*(8)+'LINEST VARS'!$S$50*(8)+'LINEST VARS'!$R$50*($CF$8)+'LINEST VARS'!$Q$50*($BX10)+'LINEST VARS'!$P$50*(12.73)+'LINEST VARS'!$O$50*(8^2)+'LINEST VARS'!$N$50*(8^2)+'LINEST VARS'!$M$50*($CF$8^2)+'LINEST VARS'!$L$50*($BX10^2)+'LINEST VARS'!$K$50*(12.73^2)+'LINEST VARS'!$J$50*(8*8)+'LINEST VARS'!$I$50*(8*$CF$8)+'LINEST VARS'!$H$50*(8*$BX10)+'LINEST VARS'!$G$50*(8*12.73)+'LINEST VARS'!$F$50*(8*$CF$8)+'LINEST VARS'!$E$50*(8*$BX10)+'LINEST VARS'!$D$50*(8*12.73)+'LINEST VARS'!$C$50*($CF$8*$BX10)+'LINEST VARS'!$B$50*($CF$8*12.73)+'LINEST VARS'!$A$50*($BX10*12.73) -> 332 | CG10: ='LINEST VARS'!$U$50+'LINEST VARS'!$T$50*(8)+'LINEST VARS'!$S$50*(8)+'LINEST VARS'!$R$50*($CG$8)+'LINEST VARS'!$Q$50*($BX10)+'LINEST VARS'!$P$50*(12.73)+'LINEST VARS'!$O$50*(8^2)+'LINEST VARS'!$N$50*(8^2)+'LINEST VARS'!$M$50*($CG$8^2)+'LINEST VARS'!$L$50*($BX10^2)+'LINEST VARS'!$K$50*(12.73^2)+'LINEST VARS'!$J$50*(8*8)+'LINEST VARS'!$I$50*(8*$CG$8)+'LINEST VARS'!$H$50*(8*$BX10)+'LINEST VARS'!$G$50*(8*12.73)+'LINEST VARS'!$F$50*(8*$CG$8)+'LINEST VARS'!$E$50*(8*$BX10)+'LINEST VARS'!$D$50*(8*12.73)+'LINEST VARS'!$C$50*($CG$8*$BX10)+'LINEST VARS'!$B$50*($CG$8*12.73)+'LINEST VARS'!$A$50*($BX10*12.73) -> 332 | CH10: ='LINEST VARS'!$U$50+'LINEST VARS'!$T$50*(8)+'LINEST VARS'!$S$50*(8)+'LINEST VARS'!$R$50*($CH$8)+'LINEST VARS'!$Q$50*($BX10)+'LINEST VARS'!$P$50*(12.73)+'LINEST VARS'!$O$50*(8^2)+'LINEST VARS'!$N$50*(8^2)+'LINEST VARS'!$M$50*($CH$8^2)+'LINEST VARS'!$L$50*($BX10^2)+'LINEST VARS'!$K$50*(12.73^2)+'LINEST VARS'!$J$50*(8*8)+'LINEST VARS'!$I$50*(8*$CH$8)+'LINEST VARS'!$H$50*(8*$BX10)+'LINEST VARS'!$G$50*(8*12.73)+'LINEST VARS'!$F$50*(8*$CH$8)+'LINEST VARS'!$E$50*(8*$BX10)+'LINEST VARS'!$D$50*(8*12.73)+'LINEST VARS'!$C$50*($CH$8*$BX10)+'LINEST VARS'!$B$50*($CH$8*12.73)+'LINEST VARS'!$A$50*($BX10*12.73) -> 332 | CI10: ='LINEST VARS'!$U$50+'LINEST VARS'!$T$50*(8)+'LINEST VARS'!$S$50*(8)+'LINEST VARS'!$R$50*($CI$8)+'LINEST VARS'!$Q$50*($BX10)+'LINEST VARS'!$P$50*(12.73)+'LINEST VARS'!$O$50*(8^2)+'LINEST VARS'!$N$50*(8^2)+'LINEST VARS'!$M$50*($CI$8^2)+'LINEST VARS'!$L$50*($BX10^2)+'LINEST VARS'!$K$50*(12.73^2)+'LINEST VARS'!$J$50*(8*8)+'LINEST VARS'!$I$50*(8*$CI$8)+'LINEST VARS'!$H$50*(8*$BX10)+'LINEST VARS'!$G$50*(8*12.73)+'LINEST VARS'!$F$50*(8*$CI$8)+'LINEST VARS'!$E$50*(8*$BX10)+'LINEST VARS'!$D$50*(8*12.73)+'LINEST VARS'!$C$50*($CI$8*$BX10)+'LINEST VARS'!$B$50*($CI$8*12.73)+'LINEST VARS'!$A$50*($BX10*12.73) -> 332 | CJ10: ='LINEST VARS'!$U$50+'LINEST VARS'!$T$50*(8)+'LINEST VARS'!$S$50*(8)+'LINEST VARS'!$R$50*($CJ$8)+'LINEST VARS'!$Q$50*($BX10)+'LINEST VARS'!$P$50*(12.73)+'LINEST VARS'!$O$50*(8^2)+'LINEST VARS'!$N$50*(8^2)+'LINEST VARS'!$M$50*($CJ$8^2)+'LINEST VARS'!$L$50*($BX10^2)+'LINEST VARS'!$K$50*(12.73^2)+'LINEST VARS'!$J$50*(8*8)+'LINEST VARS'!$I$50*(8*$CJ$8)+'LINEST VARS'!$H$50*(8*$BX10)+'LINEST VARS'!$G$50*(8*12.73)+'LINEST VARS'!$F$50*(8*$CJ$8)+'LINEST VARS'!$E$50*(8*$BX10)+'LINEST VARS'!$D$50*(8*12.73)+'LINEST VARS'!$C$50*($CJ$8*$BX10)+'LINEST VARS'!$B$50*($CJ$8*12.73)+'LINEST VARS'!$A$50*($BX10*12.73) -> 332 | CK10: ='LINEST VARS'!$U$50+'LINEST VARS'!$T$50*(8)+'LINEST VARS'!$S$50*(8)+'LINEST VARS'!$R$50*($CK$8)+'LINEST VARS'!$Q$50*($BX10)+'LINEST VARS'!$P$50*(12.73)+'LINEST VARS'!$O$50*(8^2)+'LINEST VARS'!$N$50*(8^2)+'LINEST VARS'!$M$50*($CK$8^2)+'LINEST VARS'!$L$50*($BX10^2)+'LINEST VARS'!$K$50*(12.73^2)+'LINEST VARS'!$J$50*(8*8)+'LINEST VARS'!$I$50*(8*$CK$8)+'LINEST VARS'!$H$50*(8*$BX10)+'LINEST VARS'!$G$50*(8*12.73)+'LINEST VARS'!$F$50*(8*$CK$8)+'LINEST VARS'!$E$50*(8*$BX10)+'LINEST VARS'!$D$50*(8*12.73)+'LINEST VARS'!$C$50*($CK$8*$BX10)+'LINEST VARS'!$B$50*($CK$8*12.73)+'LINEST VARS'!$A$50*($BX10*12.73) -> 332 | CL10: ='LINEST VARS'!$U$50+'LINEST VARS'!$T$50*(8)+'LINEST VARS'!$S$50*(8)+'LINEST VARS'!$R$50*($CL$8)+'LINEST VARS'!$Q$50*($BX10)+'LINEST VARS'!$P$50*(12.73)+'LINEST VARS'!$O$50*(8^2)+'LINEST VARS'!$N$50*(8^2)+'LINEST VARS'!$M$50*($CL$8^2)+'LINEST VARS'!$L$50*($BX10^2)+'LINEST VARS'!$K$50*(12.73^2)+'LINEST VARS'!$J$50*(8*8)+'LINEST VARS'!$I$50*(8*$CL$8)+'LINEST VARS'!$H$50*(8*$BX10)+'LINEST VARS'!$G$50*(8*12.73)+'LINEST VARS'!$F$50*(8*$CL$8)+'LINEST VARS'!$E$50*(8*$BX10)+'LINEST VARS'!$D$50*(8*12.73)+'LINEST VARS'!$C$50*($CL$8*$BX10)+'LINEST VARS'!$B$50*($CL$8*12.73)+'LINEST VARS'!$A$50*($BX10*12.73) -> 332 | CM10: ='LINEST VARS'!$U$50+'LINEST VARS'!$T$50*(8)+'LINEST VARS'!$S$50*(8)+'LINEST VARS'!$R$50*($CM$8)+'LINEST VARS'!$Q$50*($BX10)+'LINEST VARS'!$P$50*(12.73)+'LINEST VARS'!$O$50*(8^2)+'LINEST VARS'!$N$50*(8^2)+'LINEST VARS'!$M$50*($CM$8^2)+'LINEST VARS'!$L$50*($BX10^2)+'LINEST VARS'!$K$50*(12.73^2)+'LINEST VARS'!$J$50*(8*8)+'LINEST VARS'!$I$50*(8*$CM$8)+'LINEST VARS'!$H$50*(8*$BX10)+'LINEST VARS'!$G$50*(8*12.73)+'LINEST VARS'!$F$50*(8*$CM$8)+'LINEST VARS'!$E$50*(8*$BX10)+'LINEST VARS'!$D$50*(8*12.73)+'LINEST VARS'!$C$50*($CM$8*$BX10)+'LINEST VARS'!$B$50*($CM$8*12.73)+'LINEST VARS'!$A$50*($BX10*12.73) -> 332 | CN10: ='LINEST VARS'!$U$50+'LINEST VARS'!$T$50*(8)+'LINEST VARS'!$S$50*(8)+'LINEST VARS'!$R$50*($CN$8)+'LINEST VARS'!$Q$50*($BX10)+'LINEST VARS'!$P$50*(12.73)+'LINEST VARS'!$O$50*(8^2)+'LINEST VARS'!$N$50*(8^2)+'LINEST VARS'!$M$50*($CN$8^2)+'LINEST VARS'!$L$50*($BX10^2)+'LINEST VARS'!$K$50*(12.73^2)+'LINEST VARS'!$J$50*(8*8)+'LINEST VARS'!$I$50*(8*$CN$8)+'LINEST VARS'!$H$50*(8*$BX10)+'LINEST VARS'!$G$50*(8*12.73)+'LINEST VARS'!$F$50*(8*$CN$8)+'LINEST VARS'!$E$50*(8*$BX10)+'LINEST VARS'!$D$50*(8*12.73)+'LINEST VARS'!$C$50*($CN$8*$BX10)+'LINEST VARS'!$B$50*($CN$8*12.73)+'LINEST VARS'!$A$50*($BX10*12.73) -> 332 | CO10: ='LINEST VARS'!$U$50+'LINEST VARS'!$T$50*(8)+'LINEST VARS'!$S$50*(8)+'LINEST VARS'!$R$50*($CO$8)+'LINEST VARS'!$Q$50*($BX10)+'LINEST VARS'!$P$50*(12.73)+'LINEST VARS'!$O$50*(8^2)+'LINEST VARS'!$N$50*(8^2)+'LINEST VARS'!$M$50*($CO$8^2)+'LINEST VARS'!$L$50*($BX10^2)+'LINEST VARS'!$K$50*(12.73^2)+'LINEST VARS'!$J$50*(8*8)+'LINEST VARS'!$I$50*(8*$CO$8)+'LINEST VARS'!$H$50*(8*$BX10)+'LINEST VARS'!$G$50*(8*12.73)+'LINEST VARS'!$F$50*(8*$CO$8)+'LINEST VARS'!$E$50*(8*$BX10)+'LINEST VARS'!$D$50*(8*12.73)+'LINEST VARS'!$C$50*($CO$8*$BX10)+'LINEST VARS'!$B$50*($CO$8*12.73)+'LINEST VARS'!$A$50*($BX10*12.73) -> 332 | CP10: ='LINEST VARS'!$U$50+'LINEST VARS'!$T$50*(8)+'LINEST VARS'!$S$50*(8)+'LINEST VARS'!$R$50*($CP$8)+'LINEST VARS'!$Q$50*($BX10)+'LINEST VARS'!$P$50*(12.73)+'LINEST VARS'!$O$50*(8^2)+'LINEST VARS'!$N$50*(8^2)+'LINEST VARS'!$M$50*($CP$8^2)+'LINEST VARS'!$L$50*($BX10^2)+'LINEST VARS'!$K$50*(12.73^2)+'LINEST VARS'!$J$50*(8*8)+'LINEST VARS'!$I$50*(8*$CP$8)+'LINEST VARS'!$H$50*(8*$BX10)+'LINEST VARS'!$G$50*(8*12.73)+'LINEST VARS'!$F$50*(8*$CP$8)+'LINEST VARS'!$E$50*(8*$BX10)+'LINEST VARS'!$D$50*(8*12.73)+'LINEST VARS'!$C$50*($CP$8*$BX10)+'LINEST VARS'!$B$50*($CP$8*12.73)+'LINEST VARS'!$A$50*($BX10*12.73) -> 332 | CQ10: ='LINEST VARS'!$U$50+'LINEST VARS'!$T$50*(8)+'LINEST VARS'!$S$50*(8)+'LINEST VARS'!$R$50*($CQ$8)+'LINEST VARS'!$Q$50*($BX10)+'LINEST VARS'!$P$50*(12.73)+'LINEST VARS'!$O$50*(8^2)+'LINEST VARS'!$N$50*(8^2)+'LINEST VARS'!$M$50*($CQ$8^2)+'LINEST VARS'!$L$50*($BX10^2)+'LINEST VARS'!$K$50*(12.73^2)+'LINEST VARS'!$J$50*(8*8)+'LINEST VARS'!$I$50*(8*$CQ$8)+'LINEST VARS'!$H$50*(8*$BX10)+'LINEST VARS'!$G$50*(8*12.73)+'LINEST VARS'!$F$50*(8*$CQ$8)+'LINEST VARS'!$E$50*(8*$BX10)+'LINEST VARS'!$D$50*(8*12.73)+'LINEST VARS'!$C$50*($CQ$8*$BX10)+'LINEST VARS'!$B$50*($CQ$8*12.73)+'LINEST VARS'!$A$50*($BX10*12.73) -> 332 | CR10: ='LINEST VARS'!$U$50+'LINEST VARS'!$T$50*(8)+'LINEST VARS'!$S$50*(8)+'LINEST VARS'!$R$50*($CR$8)+'LINEST VARS'!$Q$50*($BX10)+'LINEST VARS'!$P$50*(12.73)+'LINEST VARS'!$O$50*(8^2)+'LINEST VARS'!$N$50*(8^2)+'LINEST VARS'!$M$50*($CR$8^2)+'LINEST VARS'!$L$50*($BX10^2)+'LINEST VARS'!$K$50*(12.73^2)+'LINEST VARS'!$J$50*(8*8)+'LINEST VARS'!$I$50*(8*$CR$8)+'LINEST VARS'!$H$50*(8*$BX10)+'LINEST VARS'!$G$50*(8*12.73)+'LINEST VARS'!$F$50*(8*$CR$8)+'LINEST VARS'!$E$50*(8*$BX10)+'LINEST VARS'!$D$50*(8*12.73)+'LINEST VARS'!$C$50*($CR$8*$BX10)+'LINEST VARS'!$B$50*($CR$8*12.73)+'LINEST VARS'!$A$50*($BX10*12.73) -> 332 | CS10: ='LINEST VARS'!$U$50+'LINEST VARS'!$T$50*(8)+'LINEST VARS'!$S$50*(8)+'LINEST VARS'!$R$50*($CS$8)+'LINEST VARS'!$Q$50*($BX10)+'LINEST VARS'!$P$50*(12.73)+'LINEST VARS'!$O$50*(8^2)+'LINEST VARS'!$N$50*(8^2)+'LINEST VARS'!$M$50*($CS$8^2)+'LINEST VARS'!$L$50*($BX10^2)+'LINEST VARS'!$K$50*(12.73^2)+'LINEST VARS'!$J$50*(8*8)+'LINEST VARS'!$I$50*(8*$CS$8)+'LINEST VARS'!$H$50*(8*$BX10)+'LINEST VARS'!$G$50*(8*12.73)+'LINEST VARS'!$F$50*(8*$CS$8)+'LINEST VARS'!$E$50*(8*$BX10)+'LINEST VARS'!$D$50*(8*12.73)+'LINEST VARS'!$C$50*($CS$8*$BX10)+'LINEST VARS'!$B$50*($CS$8*12.73)+'LINEST VARS'!$A$50*($BX10*12.73) -> 332 | CX10: 1.2995 | CY10: ='LINEST VARS'!$U$48+'LINEST VARS'!$T$48*(8)+'LINEST VARS'!$S$48*(8)+'LINEST VARS'!$R$48*($CY$8)+'LINEST VARS'!$Q$48*(0.5)+'LINEST VARS'!$P$48*($CX10)+'LINEST VARS'!$O$48*(8^2)+'LINEST VARS'!$N$48*(8^2)+'LINEST VARS'!$M$48*($CY$8^2)+'LINEST VARS'!$L$48*(0.5^2)+'LINEST VARS'!$K$48*($CX10^2)+'LINEST VARS'!$J$48*(8*8)+'LINEST VARS'!$I$48*(8*$CY$8)+'LINEST VARS'!$H$48*(8*0.5)+'LINEST VARS'!$G$48*(8*$CX10)+'LINEST VARS'!$F$48*(8*$CY$8)+'LINEST VARS'!$E$48*(8*0.5)+'LINEST VARS'!$D$48*(8*$CX10)+'LINEST VARS'!$C$48*($CY$8*0.5)+'LINEST VARS'!$B$48*($CY$8*$CX10)+'LINEST VARS'!$A$48*(0.5*$CX10) -> 370 | CZ10: ='LINEST VARS'!$U$48+'LINEST VARS'!$T$48*(8)+'LINEST VARS'!$S$48*(8)+'LINEST VARS'!$R$48*($CZ$8)+'LINEST VARS'!$Q$48*(0.5)+'LINEST VARS'!$P$48*($CX10)+'LINEST VARS'!$O$48*(8^2)+'LINEST VARS'!$N$48*(8^2)+'LINEST VARS'!$M$48*($CZ$8^2)+'LINEST VARS'!$L$48*(0.5^2)+'LINEST VARS'!$K$48*($CX10^2)+'LINEST VARS'!$J$48*(8*8)+'LINEST VARS'!$I$48*(8*$CZ$8)+'LINEST VARS'!$H$48*(8*0.5)+'LINEST VARS'!$G$48*(8*$CX10)+'LINEST VARS'!$F$48*(8*$CZ$8)+'LINEST VARS'!$E$48*(8*0.5)+'LINEST VARS'!$D$48*(8*$CX10)+'LINEST VARS'!$C$48*($CZ$8*0.5)+'LINEST VARS'!$B$48*($CZ$8*$CX10)+'LINEST VARS'!$A$48*(0.5*$CX10) -> 370 | DA10: ='LINEST VARS'!$U$48+'LINEST VARS'!$T$48*(8)+'LINEST VARS'!$S$48*(8)+'LINEST VARS'!$R$48*($DA$8)+'LINEST VARS'!$Q$48*(0.5)+'LINEST VARS'!$P$48*($CX10)+'LINEST VARS'!$O$48*(8^2)+'LINEST VARS'!$N$48*(8^2)+'LINEST VARS'!$M$48*($DA$8^2)+'LINEST VARS'!$L$48*(0.5^2)+'LINEST VARS'!$K$48*($CX10^2)+'LINEST VARS'!$J$48*(8*8)+'LINEST VARS'!$I$48*(8*$DA$8)+'LINEST VARS'!$H$48*(8*0.5)+'LINEST VARS'!$G$48*(8*$CX10)+'LINEST VARS'!$F$48*(8*$DA$8)+'LINEST VARS'!$E$48*(8*0.5)+'LINEST VARS'!$D$48*(8*$CX10)+'LINEST VARS'!$C$48*($DA$8*0.5)+'LINEST VARS'!$B$48*($DA$8*$CX10)+'LINEST VARS'!$A$48*(0.5*$CX10) -> 370 | DB10: ='LINEST VARS'!$U$48+'LINEST VARS'!$T$48*(8)+'LINEST VARS'!$S$48*(8)+'LINEST VARS'!$R$48*($DB$8)+'LINEST VARS'!$Q$48*(0.5)+'LINEST VARS'!$P$48*($CX10)+'LINEST VARS'!$O$48*(8^2)+'LINEST VARS'!$N$48*(8^2)+'LINEST VARS'!$M$48*($DB$8^2)+'LINEST VARS'!$L$48*(0.5^2)+'LINEST VARS'!$K$48*($CX10^2)+'LINEST VARS'!$J$48*(8*8)+'LINEST VARS'!$I$48*(8*$DB$8)+'LINEST VARS'!$H$48*(8*0.5)+'LINEST VARS'!$G$48*(8*$CX10)+'LINEST VARS'!$F$48*(8*$DB$8)+'LINEST VARS'!$E$48*(8*0.5)+'LINEST VARS'!$D$48*(8*$CX10)+'LINEST VARS'!$C$48*($DB$8*0.5)+'LINEST VARS'!$B$48*($DB$8*$CX10)+'LINEST VARS'!$A$48*(0.5*$CX10) -> 370 | DC10: ='LINEST VARS'!$U$48+'LINEST VARS'!$T$48*(8)+'LINEST VARS'!$S$48*(8)+'LINEST VARS'!$R$48*($DC$8)+'LINEST VARS'!$Q$48*(0.5)+'LINEST VARS'!$P$48*($CX10)+'LINEST VARS'!$O$48*(8^2)+'LINEST VARS'!$N$48*(8^2)+'LINEST VARS'!$M$48*($DC$8^2)+'LINEST VARS'!$L$48*(0.5^2)+'LINEST VARS'!$K$48*($CX10^2)+'LINEST VARS'!$J$48*(8*8)+'LINEST VARS'!$I$48*(8*$DC$8)+'LINEST VARS'!$H$48*(8*0.5)+'LINEST VARS'!$G$48*(8*$CX10)+'LINEST VARS'!$F$48*(8*$DC$8)+'LINEST VARS'!$E$48*(8*0.5)+'LINEST VARS'!$D$48*(8*$CX10)+'LINEST VARS'!$C$48*($DC$8*0.5)+'LINEST VARS'!$B$48*($DC$8*$CX10)+'LINEST VARS'!$A$48*(0.5*$CX10) -> 370 | DD10: ='LINEST VARS'!$U$48+'LINEST VARS'!$T$48*(8)+'LINEST VARS'!$S$48*(8)+'LINEST VARS'!$R$48*($DD$8)+'LINEST VARS'!$Q$48*(0.5)+'LINEST VARS'!$P$48*($CX10)+'LINEST VARS'!$O$48*(8^2)+'LINEST VARS'!$N$48*(8^2)+'LINEST VARS'!$M$48*($DD$8^2)+'LINEST VARS'!$L$48*(0.5^2)+'LINEST VARS'!$K$48*($CX10^2)+'LINEST VARS'!$J$48*(8*8)+'LINEST VARS'!$I$48*(8*$DD$8)+'LINEST VARS'!$H$48*(8*0.5)+'LINEST VARS'!$G$48*(8*$CX10)+'LINEST VARS'!$F$48*(8*$DD$8)+'LINEST VARS'!$E$48*(8*0.5)+'LINEST VARS'!$D$48*(8*$CX10)+'LINEST VARS'!$C$48*($DD$8*0.5)+'LINEST VARS'!$B$48*($DD$8*$CX10)+'LINEST VARS'!$A$48*(0.5*$CX10) -> 370 | DE10: ='LINEST VARS'!$U$48+'LINEST VARS'!$T$48*(8)+'LINEST VARS'!$S$48*(8)+'LINEST VARS'!$R$48*($DE$8)+'LINEST VARS'!$Q$48*(0.5)+'LINEST VARS'!$P$48*($CX10)+'LINEST VARS'!$O$48*(8^2)+'LINEST VARS'!$N$48*(8^2)+'LINEST VARS'!$M$48*($DE$8^2)+'LINEST VARS'!$L$48*(0.5^2)+'LINEST VARS'!$K$48*($CX10^2)+'LINEST VARS'!$J$48*(8*8)+'LINEST VARS'!$I$48*(8*$DE$8)+'LINEST VARS'!$H$48*(8*0.5)+'LINEST VARS'!$G$48*(8*$CX10)+'LINEST VARS'!$F$48*(8*$DE$8)+'LINEST VARS'!$E$48*(8*0.5)+'LINEST VARS'!$D$48*(8*$CX10)+'LINEST VARS'!$C$48*($DE$8*0.5)+'LINEST VARS'!$B$48*($DE$8*$CX10)+'LINEST VARS'!$A$48*(0.5*$CX10) -> 370 | DF10: ='LINEST VARS'!$U$48+'LINEST VARS'!$T$48*(8)+'LINEST VARS'!$S$48*(8)+'LINEST VARS'!$R$48*($DF$8)+'LINEST VARS'!$Q$48*(0.5)+'LINEST VARS'!$P$48*($CX10)+'LINEST VARS'!$O$48*(8^2)+'LINEST VARS'!$N$48*(8^2)+'LINEST VARS'!$M$48*($DF$8^2)+'LINEST VARS'!$L$48*(0.5^2)+'LINEST VARS'!$K$48*($CX10^2)+'LINEST VARS'!$J$48*(8*8)+'LINEST VARS'!$I$48*(8*$DF$8)+'LINEST VARS'!$H$48*(8*0.5)+'LINEST VARS'!$G$48*(8*$CX10)+'LINEST VARS'!$F$48*(8*$DF$8)+'LINEST VARS'!$E$48*(8*0.5)+'LINEST VARS'!$D$48*(8*$CX10)+'LINEST VARS'!$C$48*($DF$8*0.5)+'LINEST VARS'!$B$48*($DF$8*$CX10)+'LINEST VARS'!$A$48*(0.5*$CX10) -> 370 | DG10: ='LINEST VARS'!$U$48+'LINEST VARS'!$T$48*(8)+'LINEST VARS'!$S$48*(8)+'LINEST VARS'!$R$48*($DG$8)+'LINEST VARS'!$Q$48*(0.5)+'LINEST VARS'!$P$48*($CX10)+'LINEST VARS'!$O$48*(8^2)+'LINEST VARS'!$N$48*(8^2)+'LINEST VARS'!$M$48*($DG$8^2)+'LINEST VARS'!$L$48*(0.5^2)+'LINEST VARS'!$K$48*($CX10^2)+'LINEST VARS'!$J$48*(8*8)+'LINEST VARS'!$I$48*(8*$DG$8)+'LINEST VARS'!$H$48*(8*0.5)+'LINEST VARS'!$G$48*(8*$CX10)+'LINEST VARS'!$F$48*(8*$DG$8)+'LINEST VARS'!$E$48*(8*0.5)+'LINEST VARS'!$D$48*(8*$CX10)+'LINEST VARS'!$C$48*($DG$8*0.5)+'LINEST VARS'!$B$48*($DG$8*$CX10)+'LINEST VARS'!$A$48*(0.5*$CX10) -> 370 | DH10: ='LINEST VARS'!$U$48+'LINEST VARS'!$T$48*(8)+'LINEST VARS'!$S$48*(8)+'LINEST VARS'!$R$48*($DH$8)+'LINEST VARS'!$Q$48*(0.5)+'LINEST VARS'!$P$48*($CX10)+'LINEST VARS'!$O$48*(8^2)+'LINEST VARS'!$N$48*(8^2)+'LINEST VARS'!$M$48*($DH$8^2)+'LINEST VARS'!$L$48*(0.5^2)+'LINEST VARS'!$K$48*($CX10^2)+'LINEST VARS'!$J$48*(8*8)+'LINEST VARS'!$I$48*(8*$DH$8)+'LINEST VARS'!$H$48*(8*0.5)+'LINEST VARS'!$G$48*(8*$CX10)+'LINEST VARS'!$F$48*(8*$DH$8)+'LINEST VARS'!$E$48*(8*0.5)+'LINEST VARS'!$D$48*(8*$CX10)+'LINEST VARS'!$C$48*($DH$8*0.5)+'LINEST VARS'!$B$48*($DH$8*$CX10)+'LINEST VARS'!$A$48*(0.5*$CX10) -> 370 | DI10: ='LINEST VARS'!$U$48+'LINEST VARS'!$T$48*(8)+'LINEST VARS'!$S$48*(8)+'LINEST VARS'!$R$48*($DI$8)+'LINEST VARS'!$Q$48*(0.5)+'LINEST VARS'!$P$48*($CX10)+'LINEST VARS'!$O$48*(8^2)+'LINEST VARS'!$N$48*(8^2)+'LINEST VARS'!$M$48*($DI$8^2)+'LINEST VARS'!$L$48*(0.5^2)+'LINEST VARS'!$K$48*($CX10^2)+'LINEST VARS'!$J$48*(8*8)+'LINEST VARS'!$I$48*(8*$DI$8)+'LINEST VARS'!$H$48*(8*0.5)+'LINEST VARS'!$G$48*(8*$CX10)+'LINEST VARS'!$F$48*(8*$DI$8)+'LINEST VARS'!$E$48*(8*0.5)+'LINEST VARS'!$D$48*(8*$CX10)+'LINEST VARS'!$C$48*($DI$8*0.5)+'LINEST VARS'!$B$48*($DI$8*$CX10)+'LINEST VARS'!$A$48*(0.5*$CX10) -> 370 | DJ10: ='LINEST VARS'!$U$48+'LINEST VARS'!$T$48*(8)+'LINEST VARS'!$S$48*(8)+'LINEST VARS'!$R$48*($DJ$8)+'LINEST VARS'!$Q$48*(0.5)+'LINEST VARS'!$P$48*($CX10)+'LINEST VARS'!$O$48*(8^2)+'LINEST VARS'!$N$48*(8^2)+'LINEST VARS'!$M$48*($DJ$8^2)+'LINEST VARS'!$L$48*(0.5^2)+'LINEST VARS'!$K$48*($CX10^2)+'LINEST VARS'!$J$48*(8*8)+'LINEST VARS'!$I$48*(8*$DJ$8)+'LINEST VARS'!$H$48*(8*0.5)+'LINEST VARS'!$G$48*(8*$CX10)+'LINEST VARS'!$F$48*(8*$DJ$8)+'LINEST VARS'!$E$48*(8*0.5)+'LINEST VARS'!$D$48*(8*$CX10)+'LINEST VARS'!$C$48*($DJ$8*0.5)+'LINEST VARS'!$B$48*($DJ$8*$CX10)+'LINEST VARS'!$A$48*(0.5*$CX10) -> 370 | DK10: ='LINEST VARS'!$U$48+'LINEST VARS'!$T$48*(8)+'LINEST VARS'!$S$48*(8)+'LINEST VARS'!$R$48*($DK$8)+'LINEST VARS'!$Q$48*(0.5)+'LINEST VARS'!$P$48*($CX10)+'LINEST VARS'!$O$48*(8^2)+'LINEST VARS'!$N$48*(8^2)+'LINEST VARS'!$M$48*($DK$8^2)+'LINEST VARS'!$L$48*(0.5^2)+'LINEST VARS'!$K$48*($CX10^2)+'LINEST VARS'!$J$48*(8*8)+'LINEST VARS'!$I$48*(8*$DK$8)+'LINEST VARS'!$H$48*(8*0.5)+'LINEST VARS'!$G$48*(8*$CX10)+'LINEST VARS'!$F$48*(8*$DK$8)+'LINEST VARS'!$E$48*(8*0.5)+'LINEST VARS'!$D$48*(8*$CX10)+'LINEST VARS'!$C$48*($DK$8*0.5)+'LINEST VARS'!$B$48*($DK$8*$CX10)+'LINEST VARS'!$A$48*(0.5*$CX10) -> 370 | DL10: ='LINEST VARS'!$U$48+'LINEST VARS'!$T$48*(8)+'LINEST VARS'!$S$48*(8)+'LINEST VARS'!$R$48*($DL$8)+'LINEST VARS'!$Q$48*(0.5)+'LINEST VARS'!$P$48*($CX10)+'LINEST VARS'!$O$48*(8^2)+'LINEST VARS'!$N$48*(8^2)+'LINEST VARS'!$M$48*($DL$8^2)+'LINEST VARS'!$L$48*(0.5^2)+'LINEST VARS'!$K$48*($CX10^2)+'LINEST VARS'!$J$48*(8*8)+'LINEST VARS'!$I$48*(8*$DL$8)+'LINEST VARS'!$H$48*(8*0.5)+'LINEST VARS'!$G$48*(8*$CX10)+'LINEST VARS'!$F$48*(8*$DL$8)+'LINEST VARS'!$E$48*(8*0.5)+'LINEST VARS'!$D$48*(8*$CX10)+'LINEST VARS'!$C$48*($DL$8*0.5)+'LINEST VARS'!$B$48*($DL$8*$CX10)+'LINEST VARS'!$A$48*(0.5*$CX10) -> 370 | DM10: ='LINEST VARS'!$U$48+'LINEST VARS'!$T$48*(8)+'LINEST VARS'!$S$48*(8)+'LINEST VARS'!$R$48*($DM$8)+'LINEST VARS'!$Q$48*(0.5)+'LINEST VARS'!$P$48*($CX10)+'LINEST VARS'!$O$48*(8^2)+'LINEST VARS'!$N$48*(8^2)+'LINEST VARS'!$M$48*($DM$8^2)+'LINEST VARS'!$L$48*(0.5^2)+'LINEST VARS'!$K$48*($CX10^2)+'LINEST VARS'!$J$48*(8*8)+'LINEST VARS'!$I$48*(8*$DM$8)+'LINEST VARS'!$H$48*(8*0.5)+'LINEST VARS'!$G$48*(8*$CX10)+'LINEST VARS'!$F$48*(8*$DM$8)+'LINEST VARS'!$E$48*(8*0.5)+'LINEST VARS'!$D$48*(8*$CX10)+'LINEST VARS'!$C$48*($DM$8*0.5)+'LINEST VARS'!$B$48*($DM$8*$CX10)+'LINEST VARS'!$A$48*(0.5*$CX10) -> 370 | DN10: ='LINEST VARS'!$U$48+'LINEST VARS'!$T$48*(8)+'LINEST VARS'!$S$48*(8)+'LINEST VARS'!$R$48*($DN$8)+'LINEST VARS'!$Q$48*(0.5)+'LINEST VARS'!$P$48*($CX10)+'LINEST VARS'!$O$48*(8^2)+'LINEST VARS'!$N$48*(8^2)+'LINEST VARS'!$M$48*($DN$8^2)+'LINEST VARS'!$L$48*(0.5^2)+'LINEST VARS'!$K$48*($CX10^2)+'LINEST VARS'!$J$48*(8*8)+'LINEST VARS'!$I$48*(8*$DN$8)+'LINEST VARS'!$H$48*(8*0.5)+'LINEST VARS'!$G$48*(8*$CX10)+'LINEST VARS'!$F$48*(8*$DN$8)+'LINEST VARS'!$E$48*(8*0.5)+'LINEST VARS'!$D$48*(8*$CX10)+'LINEST VARS'!$C$48*($DN$8*0.5)+'LINEST VARS'!$B$48*($DN$8*$CX10)+'LINEST VARS'!$A$48*(0.5*$CX10) -> 370 | DO10: ='LINEST VARS'!$U$48+'LINEST VARS'!$T$48*(8)+'LINEST VARS'!$S$48*(8)+'LINEST VARS'!$R$48*($DO$8)+'LINEST VARS'!$Q$48*(0.5)+'LINEST VARS'!$P$48*($CX10)+'LINEST VARS'!$O$48*(8^2)+'LINEST VARS'!$N$48*(8^2)+'LINEST VARS'!$M$48*($DO$8^2)+'LINEST VARS'!$L$48*(0.5^2)+'LINEST VARS'!$K$48*($CX10^2)+'LINEST VARS'!$J$48*(8*8)+'LINEST VARS'!$I$48*(8*$DO$8)+'LINEST VARS'!$H$48*(8*0.5)+'LINEST VARS'!$G$48*(8*$CX10)+'LINEST VARS'!$F$48*(8*$DO$8)+'LINEST VARS'!$E$48*(8*0.5)+'LINEST VARS'!$D$48*(8*$CX10)+'LINEST VARS'!$C$48*($DO$8*0.5)+'LINEST VARS'!$B$48*($DO$8*$CX10)+'LINEST VARS'!$A$48*(0.5*$CX10) -> 370 | DP10: ='LINEST VARS'!$U$48+'LINEST VARS'!$T$48*(8)+'LINEST VARS'!$S$48*(8)+'LINEST VARS'!$R$48*($DP$8)+'LINEST VARS'!$Q$48*(0.5)+'LINEST VARS'!$P$48*($CX10)+'LINEST VARS'!$O$48*(8^2)+'LINEST VARS'!$N$48*(8^2)+'LINEST VARS'!$M$48*($DP$8^2)+'LINEST VARS'!$L$48*(0.5^2)+'LINEST VARS'!$K$48*($CX10^2)+'LINEST VARS'!$J$48*(8*8)+'LINEST VARS'!$I$48*(8*$DP$8)+'LINEST VARS'!$H$48*(8*0.5)+'LINEST VARS'!$G$48*(8*$CX10)+'LINEST VARS'!$F$48*(8*$DP$8)+'LINEST VARS'!$E$48*(8*0.5)+'LINEST VARS'!$D$48*(8*$CX10)+'LINEST VARS'!$C$48*($DP$8*0.5)+'LINEST VARS'!$B$48*($DP$8*$CX10)+'LINEST VARS'!$A$48*(0.5*$CX10) -> 370 | DQ10: ='LINEST VARS'!$U$48+'LINEST VARS'!$T$48*(8)+'LINEST VARS'!$S$48*(8)+'LINEST VARS'!$R$48*($DQ$8)+'LINEST VARS'!$Q$48*(0.5)+'LINEST VARS'!$P$48*($CX10)+'LINEST VARS'!$O$48*(8^2)+'LINEST VARS'!$N$48*(8^2)+'LINEST VARS'!$M$48*($DQ$8^2)+'LINEST VARS'!$L$48*(0.5^2)+'LINEST VARS'!$K$48*($CX10^2)+'LINEST VARS'!$J$48*(8*8)+'LINEST VARS'!$I$48*(8*$DQ$8)+'LINEST VARS'!$H$48*(8*0.5)+'LINEST VARS'!$G$48*(8*$CX10)+'LINEST VARS'!$F$48*(8*$DQ$8)+'LINEST VARS'!$E$48*(8*0.5)+'LINEST VARS'!$D$48*(8*$CX10)+'LINEST VARS'!$C$48*($DQ$8*0.5)+'LINEST VARS'!$B$48*($DQ$8*$CX10)+'LINEST VARS'!$A$48*(0.5*$CX10) -> 370 | DR10: ='LINEST VARS'!$U$48+'LINEST VARS'!$T$48*(8)+'LINEST VARS'!$S$48*(8)+'LINEST VARS'!$R$48*($DR$8)+'LINEST VARS'!$Q$48*(0.5)+'LINEST VARS'!$P$48*($CX10)+'LINEST VARS'!$O$48*(8^2)+'LINEST VARS'!$N$48*(8^2)+'LINEST VARS'!$M$48*($DR$8^2)+'LINEST VARS'!$L$48*(0.5^2)+'LINEST VARS'!$K$48*($CX10^2)+'LINEST VARS'!$J$48*(8*8)+'LINEST VARS'!$I$48*(8*$DR$8)+'LINEST VARS'!$H$48*(8*0.5)+'LINEST VARS'!$G$48*(8*$CX10)+'LINEST VARS'!$F$48*(8*$DR$8)+'LINEST VARS'!$E$48*(8*0.5)+'LINEST VARS'!$D$48*(8*$CX10)+'LINEST VARS'!$C$48*($DR$8*0.5)+'LINEST VARS'!$B$48*($DR$8*$CX10)+'LINEST VARS'!$A$48*(0.5*$CX10) -> 370 | DS10: ='LINEST VARS'!$U$48+'LINEST VARS'!$T$48*(8)+'LINEST VARS'!$S$48*(8)+'LINEST VARS'!$R$48*($DS$8)+'LINEST VARS'!$Q$48*(0.5)+'LINEST VARS'!$P$48*($CX10)+'LINEST VARS'!$O$48*(8^2)+'LINEST VARS'!$N$48*(8^2)+'LINEST VARS'!$M$48*($DS$8^2)+'LINEST VARS'!$L$48*(0.5^2)+'LINEST VARS'!$K$48*($CX10^2)+'LINEST VARS'!$J$48*(8*8)+'LINEST VARS'!$I$48*(8*$DS$8)+'LINEST VARS'!$H$48*(8*0.5)+'LINEST VARS'!$G$48*(8*$CX10)+'LINEST VARS'!$F$48*(8*$DS$8)+'LINEST VARS'!$E$48*(8*0.5)+'LINEST VARS'!$D$48*(8*$CX10)+'LINEST VARS'!$C$48*($DS$8*0.5)+'LINEST VARS'!$B$48*($DS$8*$CX10)+'LINEST VARS'!$A$48*(0.5*$CX10) -> 370 | DV10: 1.2995 | DW10: ='LINEST VARS'!$U$50+'LINEST VARS'!$T$50*(8)+'LINEST VARS'!$S$50*(8)+'LINEST VARS'!$R$50*($DW$8)+'LINEST VARS'!$Q$50*(0.5)+'LINEST VARS'!$P$50*($DV10)+'LINEST VARS'!$O$50*(8^2)+'LINEST VARS'!$N$50*(8^2)+'LINEST VARS'!$M$50*($DW$8^2)+'LINEST VARS'!$L$50*(0.5^2)+'LINEST VARS'!$K$50*($DV10^2)+'LINEST VARS'!$J$50*(8*8)+'LINEST VARS'!$I$50*(8*$DW$8)+'LINEST VARS'!$H$50*(8*0.5)+'LINEST VARS'!$G$50*(8*$DV10)+'LINEST VARS'!$F$50*(8*$DW$8)+'LINEST VARS'!$E$50*(8*0.5)+'LINEST VARS'!$D$50*(8*$DV10)+'LINEST VARS'!$C$50*($DW$8*0.5)+'LINEST VARS'!$B$50*($DW$8*$DV10)+'LINEST VARS'!$A$50*(0.5*$DV10) -> 332 | DX10: ='LINEST VARS'!$U$50+'LINEST VARS'!$T$50*(8)+'LINEST VARS'!$S$50*(8)+'LINEST VARS'!$R$50*($DX$8)+'LINEST VARS'!$Q$50*(0.5)+'LINEST VARS'!$P$50*($DV10)+'LINEST VARS'!$O$50*(8^2)+'LINEST VARS'!$N$50*(8^2)+'LINEST VARS'!$M$50*($DX$8^2)+'LINEST VARS'!$L$50*(0.5^2)+'LINEST VARS'!$K$50*($DV10^2)+'LINEST VARS'!$J$50*(8*8)+'LINEST VARS'!$I$50*(8*$DX$8)+'LINEST VARS'!$H$50*(8*0.5)+'LINEST VARS'!$G$50*(8*$DV10)+'LINEST VARS'!$F$50*(8*$DX$8)+'LINEST VARS'!$E$50*(8*0.5)+'LINEST VARS'!$D$50*(8*$DV10)+'LINEST VARS'!$C$50*($DX$8*0.5)+'LINEST VARS'!$B$50*($DX$8*$DV10)+'LINEST VARS'!$A$50*(0.5*$DV10) -> 332 | DY10: ='LINEST VARS'!$U$50+'LINEST VARS'!$T$50*(8)+'LINEST VARS'!$S$50*(8)+'LINEST VARS'!$R$50*($DY$8)+'LINEST VARS'!$Q$50*(0.5)+'LINEST VARS'!$P$50*($DV10)+'LINEST VARS'!$O$50*(8^2)+'LINEST VARS'!$N$50*(8^2)+'LINEST VARS'!$M$50*($DY$8^2)+'LINEST VARS'!$L$50*(0.5^2)+'LINEST VARS'!$K$50*($DV10^2)+'LINEST VARS'!$J$50*(8*8)+'LINEST VARS'!$I$50*(8*$DY$8)+'LINEST VARS'!$H$50*(8*0.5)+'LINEST VARS'!$G$50*(8*$DV10)+'LINEST VARS'!$F$50*(8*$DY$8)+'LINEST VARS'!$E$50*(8*0.5)+'LINEST VARS'!$D$50*(8*$DV10)+'LINEST VARS'!$C$50*($DY$8*0.5)+'LINEST VARS'!$B$50*($DY$8*$DV10)+'LINEST VARS'!$A$50*(0.5*$DV10) -> 332 | DZ10: ='LINEST VARS'!$U$50+'LINEST VARS'!$T$50*(8)+'LINEST VARS'!$S$50*(8)+'LINEST VARS'!$R$50*($DZ$8)+'LINEST VARS'!$Q$50*(0.5)+'LINEST VARS'!$P$50*($DV10)+'LINEST VARS'!$O$50*(8^2)+'LINEST VARS'!$N$50*(8^2)+'LINEST VARS'!$M$50*($DZ$8^2)+'LINEST VARS'!$L$50*(0.5^2)+'LINEST VARS'!$K$50*($DV10^2)+'LINEST VARS'!$J$50*(8*8)+'LINEST VARS'!$I$50*(8*$DZ$8)+'LINEST VARS'!$H$50*(8*0.5)+'LINEST VARS'!$G$50*(8*$DV10)+'LINEST VARS'!$F$50*(8*$DZ$8)+'LINEST VARS'!$E$50*(8*0.5)+'LINEST VARS'!$D$50*(8*$DV10)+'LINEST VARS'!$C$50*($DZ$8*0.5)+'LINEST VARS'!$B$50*($DZ$8*$DV10)+'LINEST VARS'!$A$50*(0.5*$DV10) -> 332 | EA10: ='LINEST VARS'!$U$50+'LINEST VARS'!$T$50*(8)+'LINEST VARS'!$S$50*(8)+'LINEST VARS'!$R$50*($EA$8)+'LINEST VARS'!$Q$50*(0.5)+'LINEST VARS'!$P$50*($DV10)+'LINEST VARS'!$O$50*(8^2)+'LINEST VARS'!$N$50*(8^2)+'LINEST VARS'!$M$50*($EA$8^2)+'LINEST VARS'!$L$50*(0.5^2)+'LINEST VARS'!$K$50*($DV10^2)+'LINEST VARS'!$J$50*(8*8)+'LINEST VARS'!$I$50*(8*$EA$8)+'LINEST VARS'!$H$50*(8*0.5)+'LINEST VARS'!$G$50*(8*$DV10)+'LINEST VARS'!$F$50*(8*$EA$8)+'LINEST VARS'!$E$50*(8*0.5)+'LINEST VARS'!$D$50*(8*$DV10)+'LINEST VARS'!$C$50*($EA$8*0.5)+'LINEST VARS'!$B$50*($EA$8*$DV10)+'LINEST VARS'!$A$50*(0.5*$DV10) -> 332 | EB10: ='LINEST VARS'!$U$50+'LINEST VARS'!$T$50*(8)+'LINEST VARS'!$S$50*(8)+'LINEST VARS'!$R$50*($EB$8)+'LINEST VARS'!$Q$50*(0.5)+'LINEST VARS'!$P$50*($DV10)+'LINEST VARS'!$O$50*(8^2)+'LINEST VARS'!$N$50*(8^2)+'LINEST VARS'!$M$50*($EB$8^2)+'LINEST VARS'!$L$50*(0.5^2)+'LINEST VARS'!$K$50*($DV10^2)+'LINEST VARS'!$J$50*(8*8)+'LINEST VARS'!$I$50*(8*$EB$8)+'LINEST VARS'!$H$50*(8*0.5)+'LINEST VARS'!$G$50*(8*$DV10)+'LINEST VARS'!$F$50*(8*$EB$8)+'LINEST VARS'!$E$50*(8*0.5)+'LINEST VARS'!$D$50*(8*$DV10)+'LINEST VARS'!$C$50*($EB$8*0.5)+'LINEST VARS'!$B$50*($EB$8*$DV10)+'LINEST VARS'!$A$50*(0.5*$DV10) -> 332 | EC10: ='LINEST VARS'!$U$50+'LINEST VARS'!$T$50*(8)+'LINEST VARS'!$S$50*(8)+'LINEST VARS'!$R$50*($EC$8)+'LINEST VARS'!$Q$50*(0.5)+'LINEST VARS'!$P$50*($DV10)+'LINEST VARS'!$O$50*(8^2)+'LINEST VARS'!$N$50*(8^2)+'LINEST VARS'!$M$50*($EC$8^2)+'LINEST VARS'!$L$50*(0.5^2)+'LINEST VARS'!$K$50*($DV10^2)+'LINEST VARS'!$J$50*(8*8)+'LINEST VARS'!$I$50*(8*$EC$8)+'LINEST VARS'!$H$50*(8*0.5)+'LINEST VARS'!$G$50*(8*$DV10)+'LINEST VARS'!$F$50*(8*$EC$8)+'LINEST VARS'!$E$50*(8*0.5)+'LINEST VARS'!$D$50*(8*$DV10)+'LINEST VARS'!$C$50*($EC$8*0.5)+'LINEST VARS'!$B$50*($EC$8*$DV10)+'LINEST VARS'!$A$50*(0.5*$DV10) -> 332 | ED10: ='LINEST VARS'!$U$50+'LINEST VARS'!$T$50*(8)+'LINEST VARS'!$S$50*(8)+'LINEST VARS'!$R$50*($ED$8)+'LINEST VARS'!$Q$50*(0.5)+'LINEST VARS'!$P$50*($DV10)+'LINEST VARS'!$O$50*(8^2)+'LINEST VARS'!$N$50*(8^2)+'LINEST VARS'!$M$50*($ED$8^2)+'LINEST VARS'!$L$50*(0.5^2)+'LINEST VARS'!$K$50*($DV10^2)+'LINEST VARS'!$J$50*(8*8)+'LINEST VARS'!$I$50*(8*$ED$8)+'LINEST VARS'!$H$50*(8*0.5)+'LINEST VARS'!$G$50*(8*$DV10)+'LINEST VARS'!$F$50*(8*$ED$8)+'LINEST VARS'!$E$50*(8*0.5)+'LINEST VARS'!$D$50*(8*$DV10)+'LINEST VARS'!$C$50*($ED$8*0.5)+'LINEST VARS'!$B$50*($ED$8*$DV10)+'LINEST VARS'!$A$50*(0.5*$DV10) -> 332 | EE10: ='LINEST VARS'!$U$50+'LINEST VARS'!$T$50*(8)+'LINEST VARS'!$S$50*(8)+'LINEST VARS'!$R$50*($EE$8)+'LINEST VARS'!$Q$50*(0.5)+'LINEST VARS'!$P$50*($DV10)+'LINEST VARS'!$O$50*(8^2)+'LINEST VARS'!$N$50*(8^2)+'LINEST VARS'!$M$50*($EE$8^2)+'LINEST VARS'!$L$50*(0.5^2)+'LINEST VARS'!$K$50*($DV10^2)+'LINEST VARS'!$J$50*(8*8)+'LINEST VARS'!$I$50*(8*$EE$8)+'LINEST VARS'!$H$50*(8*0.5)+'LINEST VARS'!$G$50*(8*$DV10)+'LINEST VARS'!$F$50*(8*$EE$8)+'LINEST VARS'!$E$50*(8*0.5)+'LINEST VARS'!$D$50*(8*$DV10)+'LINEST VARS'!$C$50*($EE$8*0.5)+'LINEST VARS'!$B$50*($EE$8*$DV10)+'LINEST VARS'!$A$50*(0.5*$DV10) -> 332 | EF10: ='LINEST VARS'!$U$50+'LINEST VARS'!$T$50*(8)+'LINEST VARS'!$S$50*(8)+'LINEST VARS'!$R$50*($EF$8)+'LINEST VARS'!$Q$50*(0.5)+'LINEST VARS'!$P$50*($DV10)+'LINEST VARS'!$O$50*(8^2)+'LINEST VARS'!$N$50*(8^2)+'LINEST VARS'!$M$50*($EF$8^2)+'LINEST VARS'!$L$50*(0.5^2)+'LINEST VARS'!$K$50*($DV10^2)+'LINEST VARS'!$J$50*(8*8)+'LINEST VARS'!$I$50*(8*$EF$8)+'LINEST VARS'!$H$50*(8*0.5)+'LINEST VARS'!$G$50*(8*$DV10)+'LINEST VARS'!$F$50*(8*$EF$8)+'LINEST VARS'!$E$50*(8*0.5)+'LINEST VARS'!$D$50*(8*$DV10)+'LINEST VARS'!$C$50*($EF$8*0.5)+'LINEST VARS'!$B$50*($EF$8*$DV10)+'LINEST VARS'!$A$50*(0.5*$DV10) -> 332 | EG10: ='LINEST VARS'!$U$50+'LINEST VARS'!$T$50*(8)+'LINEST VARS'!$S$50*(8)+'LINEST VARS'!$R$50*($EG$8)+'LINEST VARS'!$Q$50*(0.5)+'LINEST VARS'!$P$50*($DV10)+'LINEST VARS'!$O$50*(8^2)+'LINEST VARS'!$N$50*(8^2)+'LINEST VARS'!$M$50*($EG$8^2)+'LINEST VARS'!$L$50*(0.5^2)+'LINEST VARS'!$K$50*($DV10^2)+'LINEST VARS'!$J$50*(8*8)+'LINEST VARS'!$I$50*(8*$EG$8)+'LINEST VARS'!$H$50*(8*0.5)+'LINEST VARS'!$G$50*(8*$DV10)+'LINEST VARS'!$F$50*(8*$EG$8)+'LINEST VARS'!$E$50*(8*0.5)+'LINEST VARS'!$D$50*(8*$DV10)+'LINEST VARS'!$C$50*($EG$8*0.5)+'LINEST VARS'!$B$50*($EG$8*$DV10)+'LINEST VARS'!$A$50*(0.5*$DV10) -> 332 | EH10: ='LINEST VARS'!$U$50+'LINEST VARS'!$T$50*(8)+'LINEST VARS'!$S$50*(8)+'LINEST VARS'!$R$50*($EH$8)+'LINEST VARS'!$Q$50*(0.5)+'LINEST VARS'!$P$50*($DV10)+'LINEST VARS'!$O$50*(8^2)+'LINEST VARS'!$N$50*(8^2)+'LINEST VARS'!$M$50*($EH$8^2)+'LINEST VARS'!$L$50*(0.5^2)+'LINEST VARS'!$K$50*($DV10^2)+'LINEST VARS'!$J$50*(8*8)+'LINEST VARS'!$I$50*(8*$EH$8)+'LINEST VARS'!$H$50*(8*0.5)+'LINEST VARS'!$G$50*(8*$DV10)+'LINEST VARS'!$F$50*(8*$EH$8)+'LINEST VARS'!$E$50*(8*0.5)+'LINEST VARS'!$D$50*(8*$DV10)+'LINEST VARS'!$C$50*($EH$8*0.5)+'LINEST VARS'!$B$50*($EH$8*$DV10)+'LINEST VARS'!$A$50*(0.5*$DV10) -> 332 | EI10: ='LINEST VARS'!$U$50+'LINEST VARS'!$T$50*(8)+'LINEST VARS'!$S$50*(8)+'LINEST VARS'!$R$50*($EI$8)+'LINEST VARS'!$Q$50*(0.5)+'LINEST VARS'!$P$50*($DV10)+'LINEST VARS'!$O$50*(8^2)+'LINEST VARS'!$N$50*(8^2)+'LINEST VARS'!$M$50*($EI$8^2)+'LINEST VARS'!$L$50*(0.5^2)+'LINEST VARS'!$K$50*($DV10^2)+'LINEST VARS'!$J$50*(8*8)+'LINEST VARS'!$I$50*(8*$EI$8)+'LINEST VARS'!$H$50*(8*0.5)+'LINEST VARS'!$G$50*(8*$DV10)+'LINEST VARS'!$F$50*(8*$EI$8)+'LINEST VARS'!$E$50*(8*0.5)+'LINEST VARS'!$D$50*(8*$DV10)+'LINEST VARS'!$C$50*($EI$8*0.5)+'LINEST VARS'!$B$50*($EI$8*$DV10)+'LINEST VARS'!$A$50*(0.5*$DV10) -> 332 | EJ10: ='LINEST VARS'!$U$50+'LINEST VARS'!$T$50*(8)+'LINEST VARS'!$S$50*(8)+'LINEST VARS'!$R$50*($EJ$8)+'LINEST VARS'!$Q$50*(0.5)+'LINEST VARS'!$P$50*($DV10)+'LINEST VARS'!$O$50*(8^2)+'LINEST VARS'!$N$50*(8^2)+'LINEST VARS'!$M$50*($EJ$8^2)+'LINEST VARS'!$L$50*(0.5^2)+'LINEST VARS'!$K$50*($DV10^2)+'LINEST VARS'!$J$50*(8*8)+'LINEST VARS'!$I$50*(8*$EJ$8)+'LINEST VARS'!$H$50*(8*0.5)+'LINEST VARS'!$G$50*(8*$DV10)+'LINEST VARS'!$F$50*(8*$EJ$8)+'LINEST VARS'!$E$50*(8*0.5)+'LINEST VARS'!$D$50*(8*$DV10)+'LINEST VARS'!$C$50*($EJ$8*0.5)+'LINEST VARS'!$B$50*($EJ$8*$DV10)+'LINEST VARS'!$A$50*(0.5*$DV10) -> 332 | EK10: ='LINEST VARS'!$U$50+'LINEST VARS'!$T$50*(8)+'LINEST VARS'!$S$50*(8)+'LINEST VARS'!$R$50*($EK$8)+'LINEST VARS'!$Q$50*(0.5)+'LINEST VARS'!$P$50*($DV10)+'LINEST VARS'!$O$50*(8^2)+'LINEST VARS'!$N$50*(8^2)+'LINEST VARS'!$M$50*($EK$8^2)+'LINEST VARS'!$L$50*(0.5^2)+'LINEST VARS'!$K$50*($DV10^2)+'LINEST VARS'!$J$50*(8*8)+'LINEST VARS'!$I$50*(8*$EK$8)+'LINEST VARS'!$H$50*(8*0.5)+'LINEST VARS'!$G$50*(8*$DV10)+'LINEST VARS'!$F$50*(8*$EK$8)+'LINEST VARS'!$E$50*(8*0.5)+'LINEST VARS'!$D$50*(8*$DV10)+'LINEST VARS'!$C$50*($EK$8*0.5)+'LINEST VARS'!$B$50*($EK$8*$DV10)+'LINEST VARS'!$A$50*(0.5*$DV10) -> 332 | EL10: ='LINEST VARS'!$U$50+'LINEST VARS'!$T$50*(8)+'LINEST VARS'!$S$50*(8)+'LINEST VARS'!$R$50*($EL$8)+'LINEST VARS'!$Q$50*(0.5)+'LINEST VARS'!$P$50*($DV10)+'LINEST VARS'!$O$50*(8^2)+'LINEST VARS'!$N$50*(8^2)+'LINEST VARS'!$M$50*($EL$8^2)+'LINEST VARS'!$L$50*(0.5^2)+'LINEST VARS'!$K$50*($DV10^2)+'LINEST VARS'!$J$50*(8*8)+'LINEST VARS'!$I$50*(8*$EL$8)+'LINEST VARS'!$H$50*(8*0.5)+'LINEST VARS'!$G$50*(8*$DV10)+'LINEST VARS'!$F$50*(8*$EL$8)+'LINEST VARS'!$E$50*(8*0.5)+'LINEST VARS'!$D$50*(8*$DV10)+'LINEST VARS'!$C$50*($EL$8*0.5)+'LINEST VARS'!$B$50*($EL$8*$DV10)+'LINEST VARS'!$A$50*(0.5*$DV10) -> 332 | EM10: ='LINEST VARS'!$U$50+'LINEST VARS'!$T$50*(8)+'LINEST VARS'!$S$50*(8)+'LINEST VARS'!$R$50*($EM$8)+'LINEST VARS'!$Q$50*(0.5)+'LINEST VARS'!$P$50*($DV10)+'LINEST VARS'!$O$50*(8^2)+'LINEST VARS'!$N$50*(8^2)+'LINEST VARS'!$M$50*($EM$8^2)+'LINEST VARS'!$L$50*(0.5^2)+'LINEST VARS'!$K$50*($DV10^2)+'LINEST VARS'!$J$50*(8*8)+'LINEST VARS'!$I$50*(8*$EM$8)+'LINEST VARS'!$H$50*(8*0.5)+'LINEST VARS'!$G$50*(8*$DV10)+'LINEST VARS'!$F$50*(8*$EM$8)+'LINEST VARS'!$E$50*(8*0.5)+'LINEST VARS'!$D$50*(8*$DV10)+'LINEST VARS'!$C$50*($EM$8*0.5)+'LINEST VARS'!$B$50*($EM$8*$DV10)+'LINEST VARS'!$A$50*(0.5*$DV10) -> 332 | EN10: ='LINEST VARS'!$U$50+'LINEST VARS'!$T$50*(8)+'LINEST VARS'!$S$50*(8)+'LINEST VARS'!$R$50*($EN$8)+'LINEST VARS'!$Q$50*(0.5)+'LINEST VARS'!$P$50*($DV10)+'LINEST VARS'!$O$50*(8^2)+'LINEST VARS'!$N$50*(8^2)+'LINEST VARS'!$M$50*($EN$8^2)+'LINEST VARS'!$L$50*(0.5^2)+'LINEST VARS'!$K$50*($DV10^2)+'LINEST VARS'!$J$50*(8*8)+'LINEST VARS'!$I$50*(8*$EN$8)+'LINEST VARS'!$H$50*(8*0.5)+'LINEST VARS'!$G$50*(8*$DV10)+'LINEST VARS'!$F$50*(8*$EN$8)+'LINEST VARS'!$E$50*(8*0.5)+'LINEST VARS'!$D$50*(8*$DV10)+'LINEST VARS'!$C$50*($EN$8*0.5)+'LINEST VARS'!$B$50*($EN$8*$DV10)+'LINEST VARS'!$A$50*(0.5*$DV10) -> 332 | EO10: ='LINEST VARS'!$U$50+'LINEST VARS'!$T$50*(8)+'LINEST VARS'!$S$50*(8)+'LINEST VARS'!$R$50*($EO$8)+'LINEST VARS'!$Q$50*(0.5)+'LINEST VARS'!$P$50*($DV10)+'LINEST VARS'!$O$50*(8^2)+'LINEST VARS'!$N$50*(8^2)+'LINEST VARS'!$M$50*($EO$8^2)+'LINEST VARS'!$L$50*(0.5^2)+'LINEST VARS'!$K$50*($DV10^2)+'LINEST VARS'!$J$50*(8*8)+'LINEST VARS'!$I$50*(8*$EO$8)+'LINEST VARS'!$H$50*(8*0.5)+'LINEST VARS'!$G$50*(8*$DV10)+'LINEST VARS'!$F$50*(8*$EO$8)+'LINEST VARS'!$E$50*(8*0.5)+'LINEST VARS'!$D$50*(8*$DV10)+'LINEST VARS'!$C$50*($EO$8*0.5)+'LINEST VARS'!$B$50*($EO$8*$DV10)+'LINEST VARS'!$A$50*(0.5*$DV10) -> 332 | EP10: ='LINEST VARS'!$U$50+'LINEST VARS'!$T$50*(8)+'LINEST VARS'!$S$50*(8)+'LINEST VARS'!$R$50*($EP$8)+'LINEST VARS'!$Q$50*(0.5)+'LINEST VARS'!$P$50*($DV10)+'LINEST VARS'!$O$50*(8^2)+'LINEST VARS'!$N$50*(8^2)+'LINEST VARS'!$M$50*($EP$8^2)+'LINEST VARS'!$L$50*(0.5^2)+'LINEST VARS'!$K$50*($DV10^2)+'LINEST VARS'!$J$50*(8*8)+'LINEST VARS'!$I$50*(8*$EP$8)+'LINEST VARS'!$H$50*(8*0.5)+'LINEST VARS'!$G$50*(8*$DV10)+'LINEST VARS'!$F$50*(8*$EP$8)+'LINEST VARS'!$E$50*(8*0.5)+'LINEST VARS'!$D$50*(8*$DV10)+'LINEST VARS'!$C$50*($EP$8*0.5)+'LINEST VARS'!$B$50*($EP$8*$DV10)+'LINEST VARS'!$A$50*(0.5*$DV10) -> 332 | EQ10: ='LINEST VARS'!$U$50+'LINEST VARS'!$T$50*(8)+'LINEST VARS'!$S$50*(8)+'LINEST VARS'!$R$50*($EQ$8)+'LINEST VARS'!$Q$50*(0.5)+'LINEST VARS'!$P$50*($DV10)+'LINEST VARS'!$O$50*(8^2)+'LINEST VARS'!$N$50*(8^2)+'LINEST VARS'!$M$50*($EQ$8^2)+'LINEST VARS'!$L$50*(0.5^2)+'LINEST VARS'!$K$50*($DV10^2)+'LINEST VARS'!$J$50*(8*8)+'LINEST VARS'!$I$50*(8*$EQ$8)+'LINEST VARS'!$H$50*(8*0.5)+'LINEST VARS'!$G$50*(8*$DV10)+'LINEST VARS'!$F$50*(8*$EQ$8)+'LINEST VARS'!$E$50*(8*0.5)+'LINEST VARS'!$D$50*(8*$DV10)+'LINEST VARS'!$C$50*($EQ$8*0.5)+'LINEST VARS'!$B$50*($EQ$8*$DV10)+'LINEST VARS'!$A$50*(0.5*$DV10) -> 332
